Church Name,Street Address,City,County,EirCode,Website (if available),Denomination,Tradition,Latitude,Longitude,LEA
Assembly of God Carlow,"Unit 6 Castle Hill, Graigue",Carlow,Carlow,R93 A970,https://www.facebook.com/Assemblyofgodcarlow/,Assemblies of God,Pentecostal/Charismatic,52.836693,-6.935489,CARLOW
Carlow Methodist Church,Athy Road,Carlow,Carlow,R93 RW31,https://www.facebook.com/CarlowandKilkennyMethodist,Methodist,Methodist/Wesleyan,52.8396712721466,-6.92991410281834,CARLOW
Carlow Presbyterian Church,Athy Road,Carlow,Carlow,R93 R650,https://www.carlowscotspc.ie,PCI,Presbyterian/Reformed,52.8399419579165,-6.93053371801186,CARLOW
Christ Foundation Sanctuary,"Unit 2, Charlotte Street",Carlow,Carlow,R93 WK25,https://rccgcarlow.org/,RCCG,Pentecostal/Charismatic,52.8365730808095,-6.93006699423287,CARLOW
Grace Family International Church,"O’Brien Centre, Old Dublin Road",Carlow,Carlow,R93 EY27,gficireland.com,Various Pentecostal,Pentecostal/Charismatic,52.8395919325221,-6.92885570170612,CARLOW
Hephzibah Parish,"4 Castle Street, Above Little Panda’s Asian Market",Carlow,Carlow,R93 AK83,https://www.facebook.com/p/RCCG-Hephzibah-Parish-Carlow-61558483343337/,RCCG,Pentecostal/Charismatic,52.8366843932748,-6.93236958141383,CARLOW
Barrowvalley Community Church,"Unit 5A Barrowside Business Park, Sleaty Road, Graiguecullen",Carlow,Carlow,R93 X037,bvcchurch.com,Independent Evangelical,Baptist/Independent Evangelical,52.8432421721477,-6.93673927337028,GRAIGUECULLEN-PORTARLINGTON
Gateway Church (Tullow),"Unit 1a, Tullow Business Park, Rathoe Rd",Tullow,Carlow,R93 N349,https://www.gatewaychurch.ie/,Christian Churches Ireland,Pentecostal/Charismatic,52.7958207166625,-6.75411749738848,TULLOW
Hacketstown Christian Centre,The Green,Hacketstown,Carlow,R93 FT75,,Independent Evangelical,Baptist/Independent Evangelical,52.8615470686766,-6.55499683655396,TULLOW
Bailieborough - First Presbyterian Church,Corglass,Bailieborough,Cavan,A82 NH74,https://www.bgpc.ie,PCI,Presbyterian/Reformed,53.9563030972382,-6.97629134899145,BAILIEBOROUGH-COOTEHILL
Bailieborough - Trinity Presbyterian Church,"Virginia Rd, Tanderagee",Bailieborough,Cavan,A82 HT62,https://www.bgpc.ie,PCI,Presbyterian/Reformed,53.9133519570253,-6.97098514524676,BAILIEBOROUGH-COOTEHILL
Cootehill Christian Fellowship,66 Bridge Street,Cootehill,Cavan,H16 RX70,https://cootehillchristianfellowship.ie/,Independent Evangelical,Baptist/Independent Evangelical,54.07410856255,-7.0847780158048,BAILIEBOROUGH-COOTEHILL
Cootehill Presbyterian Church,"Bridge Street, Munnily",Cootehill,Cavan,,https://cootehill.ie/venue/presbyterian-church-hall/,PCI,Presbyterian/Reformed,54.0740303625738,-7.08377685998203,BAILIEBOROUGH-COOTEHILL
Corraneary Presbyterian Church,Corraneary,Cootehill,Cavan,,https://www.bgpc.ie,PCI,Presbyterian/Reformed,53.9925005390103,-7.02319233115084,BAILIEBOROUGH-COOTEHILL
Kilmount Presbyterian Church,"Cornasaus, Mountain Lodge",Cootehill,Cavan,,,PCI,Presbyterian/Reformed,54.0068551351124,-7.08784277532736,BAILIEBOROUGH-COOTEHILL
Bellasis Presbyterian Church,N3 Drumgora,Virginia,Cavan,A82 TW99,https://jeanmackarel.wixsite.com/cavanpresbyterian,PCI,Presbyterian/Reformed,53.8765425475088,-7.1269765888278,BALLYJAMESDUFF
Drumkeeran Presbyterian Church,"L125B Drumkilroosk, Drumkeeran",Killeshandra,Cavan,H12 RW29,https://jeanmackarel.wixsite.com/cavanpresbyterian,PCI,Presbyterian/Reformed,53.9600356832501,-7.52658562930438,BALLYJAMESDUFF
Triumphant House,"Skelly Oil, Killyfinla",Ballyjamesduff,Cavan,A82 V2V0,https://rccgtriumphanthouse.org/,RCCG,Pentecostal/Charismatic,53.8647652060601,-7.19025707348656,BALLYJAMESDUFF
Belturbet Baptist Church,"Railway Goods Store, Railway Lock, Corporation Lands",Belturbet,Cavan,H14 DP03,https://belturbetbaptist.ie/,ABCI,Baptist/Independent Evangelical,54.0975210974691,-7.4399168529523,CAVAN-BELTURBET
Blacklion Methodist Church,Cornagee Road,Blacklion,Cavan,F91 PC97,https://www.facebook.com/p/Blacklion-Methodist-Church-61556595414995/,Methodist,Methodist/Wesleyan,54.290042,-7.887404,CAVAN-BELTURBET
Cavan Baptist Church,"Corglass, Oldtown",Cavan,Cavan,H12 ND36,www.cavanbaptist.ie,ABCI,Baptist/Independent Evangelical,53.9690503724765,-7.34047170231663,CAVAN-BELTURBET
Cavan Presbyterian Church,15 Farnham Street,Cavan Town,Cavan,H12 V803,https://jeanmackarel.wixsite.com/cavanpresbyterian,PCI,Presbyterian/Reformed,53.9915513574227,-7.36275618882178,CAVAN-BELTURBET
Holy Church House Of Grace,29 Bridge Street,Cavan,Cavan,H12 TW73,,Various Pentecostal,Pentecostal/Charismatic,53.9894505803328,-7.36209960231559,CAVAN-BELTURBET
Hosanna House,"Unit 2A, Crystal Retail Park, Dublin Road",Cavan,Cavan,H12 CC60,https://www.facebook.com/CavanChurch/,RCCG,Pentecostal/Charismatic,53.9913430649211,-7.37571881580907,CAVAN-BELTURBET
Killeshandra Presbyterian Church,Shancroghan,Killeshandra,Cavan,H12 X983,https://jeanmackarel.wixsite.com/cavanpresbyterian,PCI,Presbyterian/Reformed,54.0223996113163,-7.54288899964183,CAVAN-BELTURBET
Be Church Cavan,"Unit 4, Moynehall",Cavan,Cavan,H12 NF83,https://www.instagram.com/bechurch.cavan/,Various Pentecostal,Pentecostal/Charismatic,53.9699952589193,-7.3531081818945,CAVAN-BELTURBET
Christian Congregation in Ireland - Ennis,"Unit 4 – Block D, Quin Road Business Park, Quin Road",Ennis,Clare,V95 E02E,https://www.ccirl.ie/churchlocator/,Various Pentecostal,Pentecostal/Charismatic,52.8356427543264,-8.97261697104995,ENNIS
Clare Bible Study,53 Parnell Street,Ennis,Clare,V95 FTK5,http://clarebible.ie/,Various Baptist,Baptist/Independent Evangelical,52.8437679,-8.9857396,ENNIS
Ennis Evangelical Church,"Unit 6, Block E, Quin Road Business Park",Ennis,Clare,V95 XK03,https://www.ennisevangelicalchurch.org/,Independent Evangelical,Baptist/Independent Evangelical,52.835912,-8.969403,ENNIS
Foundation Ministries,"Unit 6, Elevation Business Park, Clonroad",Ennis,Clare,,https://foundationministriesireland.net/,Various Pentecostal,Pentecostal/Charismatic,52.846165,-8.971989,ENNIS
Hope Church Ennis,Maria Assumpta Hall Station Road,Ennis,Clare,V95 HT99,https://hopechurchennis.com/,Christian Churches Ireland,Pentecostal/Charismatic,52.8412671,-8.981503,ENNIS
Hope Ennis,Unit 12 Gort Road Business Park Lifford,Ennis,Clare,V95 YP90,https://www.facebook.com/p/Rccg-Hope-Ennis-61564393743889/,RCCG,Pentecostal/Charismatic,52.8605285497659,-8.98525252060834,ENNIS
North Clare Community Church,"Ennistymon Community Centre, Parliament St",Ennistymon,Clare,V95 X8XC,https://www.northclarechurch.com,Calvary Chapel,Other Protestant/Evangelical,52.9405119,-9.291085,ENNISTIMON
"The Christian Community, Movement for Religious Renewal","The Christian Community House, Drewsborough",Tuamgraney,Clare,V94 D5TK,https://www.thechristiancommunity.co.uk/topic/congregations/ireland/clare/,Various Pentecostal,Pentecostal/Charismatic,52.9006935031644,-8.53976575249735,KILLALOE
New Life Christian Church,Smithstown Industrial Estate,Shannon,Clare,V14 ER83,https://www.facebook.com/shannonnewlife,Various Pentecostal,Pentecostal/Charismatic,52.7168549973317,-8.87312384680597,SHANNON
Shannon Christian Church,"Unit 2, Smithstown",Shannon,Clare,V14 KX52,https://shannonchristians.ie/,Independent Evangelical,Baptist/Independent Evangelical,52.716832280912,-8.87311024481719,SHANNON
Bandon Methodist Church,Bridge Street,Bandon,Cork,P72 KD27,https://www.facebook.com/gatewayfellowshipbandon/,Methodist,Methodist/Wesleyan,51.7457359111724,-8.73514869561455,BANDON-KINSALE
Kinsale Baptist Church,"Sáile, Kinsale Sports & Community Centre, Cappagh",Kinsale,Cork,P17 WD21,www.kinsaleabc.ie,ABCI,Baptist/Independent Evangelical,51.7047619485479,-8.53699387946381,BANDON-KINSALE
Kinsale Methodist Church,Market Quay,Kinsale,Cork,P17 CR29,,Methodist,Methodist/Wesleyan,51.7056891258492,-8.52258944476198,BANDON-KINSALE
Riverside Gospel Hall,2 Allen Square,Bandon,Cork,P72 TE29,https://www.riversidegospelhall.com/,Brethren,Brethren/Gospel Hall,51.747039,-8.741141,BANDON-KINSALE
Amazing Grace Community Church,"O’Donovan Rossa G.A.A Hall, Rossa Road, Marsh",Skibbereen,Cork,P81 HF74,https://agcc.ie/,Independent Evangelical,Baptist/Independent Evangelical,51.5546066509136,-9.27310659242858,BANDON-KINSALE
Westside Baptist Church,Old Chapel Village,Bandon,Cork,P72 CK23,www.westsidebaptist.ie,ABCI,Baptist/Independent Evangelical,51.7345101985589,-8.75461174223974,BANDON-KINSALE
Bantry Christian Fellowship Church,"Tower Street, near The Quay",Bantry,Cork,P75 RW18,https://bantrychristianfellowship.ie/,Independent Evangelical,Baptist/Independent Evangelical,51.6798982718531,-9.45609730243423,BANTRY-WEST CORK
Drimoleague Methodist Church,West End,Drimoleague,Cork,P47 W297,https://www.westcorkmethodists.com/drimoleague,Methodist,Methodist/Wesleyan,51.6591770555895,-9.26363381592888,BANTRY-WEST CORK
Carrigaline Baptist Church,"Carrigaline Community Centre, Church Road",Carrigaline,Cork,P43T K70,www.carrigalinebaptist.org,ABCI,Baptist/Independent Evangelical,51.81484,-8.3873605,CARRIGALINE
Passage Baptist Church,"Fr Collins Centre, Cork Street",Passage West,Cork,T12 DT78,passagebaptistchurch.ie,ABCI,Baptist/Independent Evangelical,51.869751,-8.336546,CARRIGALINE
Carrigtwohill Baptist Church,"Carrigtwohill Community Centre, Main Street",Carrigtwohill,Cork,T45 X3N1,carrigtwohillbaptist.ie,ABCI,Baptist/Independent Evangelical,51.9091950265878,-8.25810742021373,COBH
Good News Christian Church,14 Church Street,Cobh,Cork,,https://goodnewschristianchurch.blogspot.com/p/contact-us.html,Independent Evangelical,Baptist/Independent Evangelical,51.851532085502,-8.28965402021666,COBH
Grace Missionary Baptist Church,Glounthaune Community Centre Glounthaune,Glanmire,Cork,,,Various Baptist,Baptist/Independent Evangelical,51.9108924,-8.336159,COBH
House of Prayer For All People,"Unit 1, Ticknock Commercial Park",Cobh,Cork,P24 W314,https://www.instagram.com/rccghouseofprayercobh/,RCCG,Pentecostal/Charismatic,51.8616061032727,-8.29700920817181,COBH
Cork - Trinity Presbyterian Church,Little William Street,Cork,Cork,,https://www.presbyteriancork.com,PCI,Presbyterian/Reformed,51.9018739268557,-8.46518942014507,CORK CITY NORTH EAST
Cork Baptist Church,46 MacCurtain Street,Cork,Cork,T23K N76,www.corkbaptist.org,ABCI,Baptist/Independent Evangelical,51.9016374863756,-8.46859127910967,CORK CITY NORTH EAST
Grace Christian Church,53 MacCurtain Street,Cork,Cork,T23 VH56,https://graceireland.com/,Various Pentecostal,Pentecostal/Charismatic,51.9015466062714,-8.46764076684072,CORK CITY NORTH EAST
Trinity Presbyterian Church,Little William Street Summerhill North,Cork,Cork,T23 XR63,http://presbyteriancork.com/,PCI,Presbyterian/Reformed,51.9018788917061,-8.46520283125846,CORK CITY NORTH EAST
Cork Church,"Connolly Hall, Lower Oliver Plunkett Street",Cork,Cork,T12 FW18,https://www.corkchurch.com/,Various Pentecostal,Pentecostal/Charismatic,51.8986693577954,-8.46670710792299,CORK CITY SOUTH CENTRAL
Cove Street Christian Fellowship,42 Cove Street,Cork,Cork,T12 X651,https://www.facebook.com/p/Cove-Street-Christian-Fellowship-100068384050234/,Independent Evangelical,Baptist/Independent Evangelical,51.8949552927245,-8.47437417358787,CORK CITY SOUTH CENTRAL
Douglas Baptist Church,"Douglas Community School, Clermont Avenue",Douglas Road,Cork,T12H F77,douglasbaptist.ie,ABCI,Baptist/Independent Evangelical,51.8786128115796,-8.4422676582469,CORK CITY SOUTH CENTRAL
Inspiration House,"3 Frankfield Industrial Estate, Killeen Road",Cork City,Cork,T12 AF90,https://rccginspirationhouse.org/,RCCG,Pentecostal/Charismatic,51.8713342083491,-8.47190306684219,CORK CITY SOUTH CENTRAL
The Upper Room,5 Union Quay,Cork,Cork,T12 CF21,https://upperroomcork.com/,Various Pentecostal,Pentecostal/Charismatic,51.8968667486922,-8.46692944475229,CORK CITY SOUTH CENTRAL
Christ Embassy Cork,"Maughan House, Marina Commercial Park, Centre Park Rd",Ballintemple,Cork,T12 VC57,https://www.facebook.com/p/Christ-Embassy-Cork-100076226675617/,Various Pentecostal,Pentecostal/Charismatic,51.8983033719049,-8.44722582021429,CORK CITY SOUTH EAST
Cork (Ardfallen Methodist Church),Nursery Drive,Ballinlough,Cork,T12 VX20,https://www.corkmethodistchurches.com/,Methodist,Methodist/Wesleyan,51.8845413404414,-8.44703767352748,CORK CITY SOUTH EAST
Radical Life Christian Church,"Unit 6, St Patrick's Woollen Mills, Douglas",Cork,Cork,T12 A361,https://radicallife.ie/,Various Pentecostal,Pentecostal/Charismatic,51.876138,-8.440656,CORK CITY SOUTH EAST
Worship and Word Gospel Centre,Studio Wolfe C5 Donnybrook Commercial Centre Douglas,Cork,Cork,T12 R25F,https://worshipandwordgospelcenter.com/,Various Pentecostal,Pentecostal/Charismatic,51.8688332225632,-8.44067057358917,CORK CITY SOUTH EAST
Agape Parish,"Westside Centre, Unit 14 Model Farm Rd",Ballincollig,Cork,T12 AC2H,,RCCG,Pentecostal/Charismatic,51.8900133361175,-8.53413875651063,CORK CITY SOUTH WEST
Calvary Baptist Church,Wilton Park House Bishopstown,Cork,Cork,T12 YX3Y,http://www.calvarybaptistcork.com/,Various Baptist,Baptist/Independent Evangelical,51.8779173,-8.5121851,CORK CITY SOUTH WEST
Calvary Cork,"25 South Side Industrial Estate, Pouladuff Road",Cork,Cork,T12 R792,https://www.calvarycork.org,Calvary Chapel,Other Protestant/Evangelical,51.8719849,-8.4883813,CORK CITY SOUTH WEST
New Life Church,"Ardrostig House, Bishopstown",Cork,Cork,,https://www.facebook.com/NewLifeChurchCork/,Various Pentecostal,Pentecostal/Charismatic,51.872838,-8.521788,CORK CITY SOUTH WEST
Fermoy Presbyterian Church,"Allen's Walk, Carrignagroghera",Fermoy,Cork,P61 PA00,https://www.fermoypci.com/,PCI,Presbyterian/Reformed,52.1421204415408,-8.2741725846196,FERMOY
Fountaingate Christian Church,"St Joseph Road, Applegreen Station",Mallow,Cork,,https://fountaingate.ie/,Various Pentecostal,Pentecostal/Charismatic,52.135672310933,-8.64005242020226,MALLOW
Sanctuary of His Glory,"Unit 9A, Ballydaheen Industrial Estate, Mallow, Co. Cork",Mallow,Cork,P51 V262,,RCCG,Pentecostal/Charismatic,52.1303715719616,-8.64191571220867,MALLOW
Aghada Presbyterian Church,"Church Road, Aghada, Upper Aghada",Cork,Cork,P25 TC93,https://aghadapresbyterian.com/,PCI,Presbyterian/Reformed,51.8373249462375,-8.21452281032745,MIDLETON
Midleton Baptist Church,Clonmult Memorial Park,Midleton,Cork,P25 TD73,midletonbaptist.ie,ABCI,Baptist/Independent Evangelical,51.9205845388847,-8.17537997405783,MIDLETON
New Dawn Assembly,Unit 12 Owennacura Business Park,Midleton,Cork,P25 V264,,RCCG,Pentecostal/Charismatic,51.9184936077513,-8.18606120057399,MIDLETON
Youghal Baptist Church,"Brú Na Sí, Blackwater Heights",Youghal,Cork,P36H 265,youghalbaptist.ie/contact/,ABCI,Baptist/Independent Evangelical,51.9539289597919,-7.86066713125578,MIDLETON
Youghal Methodist,Friar Street,Youghal,Cork,P36 W271,http://corkmethodistchurches.ie/,Methodist,Methodist/Wesleyan,51.950369597223,-7.8444027024205,MIDLETON
Ballineen Methodist Church,West End,Ballineen,Cork,P47 DW68,https://www.westcorkmethodists.com/,Methodist,Methodist/Wesleyan,52.5492427999429,-8.93601165089367,SKIBBEREEN-WEST CORK
Clonakilty Methodist Church,Dunmanway Road,Clonakilty,Cork,P85 TY80,https://www.clonakiltymethodist.com/,Methodist,Methodist/Wesleyan,51.622145951962,-8.89009325054472,SKIBBEREEN-WEST CORK
Skibbereen Methodist Church,Mill Road,Skibbereen,Cork,P81 V184,,Methodist,Methodist/Wesleyan,51.5611629842869,-9.26214380662432,SKIBBEREEN-WEST CORK
Burt Presbyterian Church,"Carrownamaddy, Speenoge",Lifford,Donegal,,https://www.burtpresbyterianchurch.com,PCI,Presbyterian/Reformed,55.0393378417287,-7.42662371760224,BUNCRANA
Crossroads Presbyterian Church,"Garshooey, Newtowncunningham",Lifford,Donegal,,,PCI,Presbyterian/Reformed,54.98305705927,-7.43730293091729,BUNCRANA
Fahan Presbyterian Church,"Tievebane, Burnfoot",Lifford,Donegal,,https://www.fahanchurch.org,PCI,Presbyterian/Reformed,55.06506,-7.43113,BUNCRANA
Greenbank Presbyterian Church,"Greenbank, Quigleys Point",Lifford,Donegal,,https://www.inishowen4pc.com,PCI,Presbyterian/Reformed,55.12026,-7.20339,BUNCRANA
Inch Presbyterian,Carnaghan,Inch Island,Donegal,,,PCI,Presbyterian/Reformed,55.062397809453,-7.48762924162694,BUNCRANA
Knowhead Presbyterian Church,"Knowehead, Muff",Lifford,Donegal,,,PCI,Presbyterian/Reformed,55.06509,-7.28452,BUNCRANA
Monreagh Presbyterian Church,"Glebe, Monreagh",St Johnston,Donegal,,,PCI,Presbyterian/Reformed,54.95625,-7.45621,BUNCRANA
Newtowncunningham Presbyterian Church,"Monad Road, Newtowncunningham",Lifford,Donegal,,,PCI,Presbyterian/Reformed,54.9954458932033,-7.52286542947574,BUNCRANA
Carndonagh Presbyterian Church,"Tulnaree, Carndonagh",Lifford,Donegal,,http://www.hillheadchurch.org/,PCI,Presbyterian/Reformed,55.2500653204283,-7.23772826472971,CARNDONAGH
Malin Presbyterian Church,"Goorey, Malin",Lifford,Donegal,,https://www.inishowen4pc.com,PCI,Presbyterian/Reformed,55.31021,-7.31221,CARNDONAGH
Moville Presbyterian Church,"Glencrow, Moville",Lifford,Donegal,,https://www.inishowen4pc.com,PCI,Presbyterian/Reformed,55.1887889919172,-7.04463524681378,CARNDONAGH
Ballintra Methodist Church,Main Street,Ballintra,Donegal,F94 P082,https://www.facebook.com/DonegalBallintraInver/,Methodist,Methodist/Wesleyan,"54.57901101012627,",-8.12476568888443,DONEGAL
Donegal Presbyterian Church,Mountcharles Road,Donegal Town,Donegal,,https://www.donegaltownpresbyterianchurch.com,PCI,Presbyterian/Reformed,54.65569,-8.11371,DONEGAL
Donegal Town Methodist Church,Waterloo Place,Donegal Town,Donegal,,,Methodist,Methodist/Wesleyan,54.655210,-8.11205,DONEGAL
Inver Methodist Church,Drumconor,Inver,Donegal,,,Methodist,Methodist/Wesleyan,54.64227,-8.25505,DONEGAL
"The Bride, Christian Fellowship","The Bride Christian Fellowship, Bruckless",Donegal Town,Donegal,F94 K263,https://www.facebook.com/p/The-Bride-Christian-Fellowship-100089613445513/,Independent Evangelical,Baptist/Independent Evangelical,54.6400492726927,-8.3897534752942,DONEGAL
Ardara Methodist Church,Front Street,Ardara,Donegal,F94 XY83,https://www.facebook.com/p/Ardara-Methodist-Church-100076349469859/,Methodist,Methodist/Wesleyan,54.7636411603142,-8.41154018457299,GLENTIES
Dunfanaghy Presbyterian Church,"St Patrick's Hill, Dunfanaghy",Letterkenny,Donegal,,,PCI,Presbyterian/Reformed,55.18307,-7.96812,GLENTIES
Falcarragh Community Church,"Ionad Pobail Naomh Fionán, Station Rd",Falcarragh,Donegal,F92 EV91,https://falcarraghcc.com/,Independent Evangelical,Baptist/Independent Evangelical,55.1340757125618,-8.10258664122745,GLENTIES
Abundant Grace,"Unit 1A, Green Isle Park, Port Road, Ballyraine",Letterkenny,Donegal,F92 PA03,,RCCG,Pentecostal/Charismatic,54.9495603751129,-7.71846164731891,LETTERKENNY
Trinity Presbyterian Church (Letterkenny),Upper Main Street,Letterkenny,Donegal,,,PCI,Presbyterian/Reformed,54.95149,-7.73603,LETTERKENNY
Letterkenny Baptist Church,73 Port Road,Letterkenny,Donegal,F92TA44,www.letterkennybaptistchurch.com,ABCI,Baptist/Independent Evangelical,54.9527312037196,-7.72897880560557,LETTERKENNY
Letterkenny Christian Fellowship,"Bonagee Hall, Bonagee Road",Letterkenny,Donegal,F92 ED95,https://www.lcf.ie/,Independent Evangelical,Baptist/Independent Evangelical,54.944751,-7.697285,LETTERKENNY
New Life Fellowship Church,"Day Centre, Off Oliver Plunkett Road",Letterkenny,Donegal,,newlifefellowship.ie,Independent Evangelical,Baptist/Independent Evangelical,54.94806,-7.736274,LETTERKENNY
First Ray Presbyterian Church,"Errity, Manorcunningham",Letterkenny,Donegal,,,PCI,Presbyterian/Reformed,54.9538805261959,-7.6199687212139,LETTERKENNY
Alt Presbyterian Church,"Alt Upper, Castlefin",Lifford,Donegal,F93 RC92,http://altnursery.ie/,PCI,Presbyterian/Reformed,54.7666314203137,-7.59090626248162,LIFFORD-STRANORLAR
Ballylennon Presbyterian Church,"Listannagh, Saint Johnston",Lifford,Donegal,,https://www.facebook.com/p/St-Johnston-Ballylennon-Burt-Inch-Presbyterian-Churches-100066700976525/,PCI,Presbyterian/Reformed,54.88789,-7.51102,LIFFORD-STRANORLAR
Carnone Presbyterian Church,"Carnowen, Raphoe",Lifford,Donegal,,https://www.facebook.com/groups/1112799745513211/,PCI,Presbyterian/Reformed,54.8385541727595,-7.62552301576469,LIFFORD-STRANORLAR
Convoy Covenanter Church (Convoy RPC),"Beside Ballyboe Bridge, Ballyboe",Convoy,Donegal,F93 TW31,https://convoy.rpc.org/,Reformed Presbyterian Church of Ireland,Presbyterian/Reformed,54.8588606482049,-7.65557785994089,LIFFORD-STRANORLAR
Convoy Presbyterian Church,"Letterkenny Road, Convoy",Lifford,Donegal,,,PCI,Presbyterian/Reformed,54.8607818230566,-7.66451267158627,LIFFORD-STRANORLAR
Donoughmore Presbyterian Church,"1 Carricknashane, Castlefin",Lifford,Donegal,,,PCI,Presbyterian/Reformed,54.80107,-7.63912,LIFFORD-STRANORLAR
Raphoe & Ballindrait Presbyterian Church,"Meetinghouse Street, Raphoe",Lifford,Donegal,,,PCI,Presbyterian/Reformed,54.8462289370114,-7.52569407343515,LIFFORD-STRANORLAR
Raphoe Congregational Church,"Derry Road, Magheraboy",Raphoe,Donegal,,https://raphoechurch.com/,Independent Evangelical,Baptist/Independent Evangelical,54.875741630327,-7.58808594481901,LIFFORD-STRANORLAR
St. Johnston Presbyterian Church,"Church Street, St. Johnston",Lifford,Donegal,,https://www.facebook.com/p/St-Johnston-Ballylennon-Burt-Inch-Presbyterian-Churches-100066700976525/,PCI,Presbyterian/Reformed,54.9336556110504,-7.46051469672159,LIFFORD-STRANORLAR
Stranorlar Presbyterian Church,"Meeting House Street, Stranorlar",Ballybofey,Donegal,,,PCI,Presbyterian/Reformed,54.80686,-7.76896,LIFFORD-STRANORLAR
Stranorlar Reformed Presbyterian Church,Main Street,Stranorlar,Donegal,F93 WTC9,https://www.rpc.org/stranorlar/,Reformed Presbyterian Church of Ireland,Presbyterian/Reformed,54.804665572748,-7.77071935994374,LIFFORD-STRANORLAR
Carrigart Presbyterian Church,Church Road,Carrigart,Donegal,,https://www.carrigartpresbyterianchurch.com,PCI,Presbyterian/Reformed,55.1760276122268,-7.78886210225323,MILFORD
Fannet Presbyterian Church,"Main Street, Kerrykeel",Letterkenny,Donegal,,https://fannetchurch.wordpress.com/,PCI,Presbyterian/Reformed,55.1391697283127,-7.66524446121761,MILFORD
Kilmacrennan Presbyterian Church,"Leiter, Kilmacrennan",Letterkenny,Donegal,,,PCI,Presbyterian/Reformed,55.03113,-7.75047,MILFORD
Milford Presbyterian Church,"Kilmacrennan Road, Milford",Letterkenny,Donegal,,,PCI,Presbyterian/Reformed,55.08654,-7.70033,MILFORD
Milford Reformed Presbyterian Church,"Unit 1 & 2, Milford Business Park, Glenkeen",Milford,Donegal,F92 PN5D,https://www.rpc.org/milford/,Reformed Presbyterian Church of Ireland,Presbyterian/Reformed,55.0821285,-7.6851138,MILFORD
Ramelton Presbyterian Church,"Church Street, Ramelton",Letterkenny,Donegal,,https://www.rameltonpresbyterianchurch.com,PCI,Presbyterian/Reformed,55.03634,-7.64522,MILFORD
Rathmullan Presbyterian Church,"Pier Road, Rathmullan",Letterkenny,Donegal,,,PCI,Presbyterian/Reformed,55.0959,-7.53508,MILFORD
Trentagh Presbyterian Church,Carnatrentagh,Letterkenny,Donegal,,https://www.trentaghpci.org,PCI,Presbyterian/Reformed,54.9999455495484,-7.8353645176043,MILFORD
Bethel Christian Assembly Dublin,"Apt 454 Charlestown Place, St. Margaret’s Road",Dublin 11,Dublin,D05 W925,https://bethelchristianassembly.ie/,Various Pentecostal,Pentecostal/Charismatic,53.3941070175822,-6.22185092565042,ARTANE-WHITEHALL
Christian Fellowship Church Dublin,"Greenhills Community Centre, Rear St.Joseph’s Road",Dublin 12,Dublin,D17 EP86,https://www.cfcdublin.org/,Independent Evangelical,Baptist/Independent Evangelical,53.3099686239176,-6.33248910789527,ARTANE-WHITEHALL
IPA Church of God,"Unit D2, Santry Hall Industrial Estate, Swords Road, Whitehall",Dublin 9,Dublin,,,Various Pentecostal,Pentecostal/Charismatic,53.394646,-6.249643,ARTANE-WHITEHALL
Balbriggan Baptist Church,"St. George's National School, Naul Road, Clogheder",Balbriggan,Dublin,K32 KC95,www.balbrigganbaptist.com,ABCI,Baptist/Independent Evangelical,53.607154581866,-6.20368513244989,BALBRIGGAN
Balbriggan Presbyterian Church,Balbriggan Clubs Community Centre Dublin Street,Balbriggan,Dublin,K32 NA00,http://www.balbrigganpc.org/,PCI,Presbyterian/Reformed,53.6075982868304,-6.18319969130255,BALBRIGGAN
Hope of Glory,Knockcross,Balrothery,Dublin,K32 HP60,https://rccghopeofglory.org/,RCCG,Pentecostal/Charismatic,53.5724535432011,-6.2065914599425,BALBRIGGAN
Our God Reigns,"The Community Centre, 32 Mourne Park",Skerries,Dublin,K34 FP21,,RCCG,Pentecostal/Charismatic,53.5799369026411,-6.12396986675457,BALBRIGGAN
Skerries Methodist Church,Mourne View,Skerries,Dublin,K34 PP62,http://www.skerriesmethodistchurch.org/Home.html,Methodist,Methodist/Wesleyan,53.5798782833285,-6.10648187177559,BALBRIGGAN
The Lord Reigns,39 Dublin Street,Balbriggan,Dublin,K32 HX92,https://www.facebook.com/lordreigns.rccgbalbriggan/,RCCG,Pentecostal/Charismatic,53.6061625750752,-6.17999464466464,BALBRIGGAN
Abundant Life Family Church,"Ballyfermot Rd, Drumfinn",Dublin 10,Dublin,D10 T042,https://www.facebook.com/alfcdublin/,Various Pentecostal,Pentecostal/Charismatic,53.3432296,-6.3621847,BALLYFERMOT-DRIMNAGH
Ballyfermot Community Church,"1 Drumfinn Park, Drumfinn, Ballyfermot",Dublin 10,Dublin,D10 TX63,https://elimbcc.com/,Elim Ministries Ireland,Pentecostal/Charismatic,53.344088,-6.359767,BALLYFERMOT-DRIMNAGH
Bethel Worship Centre,1 Drumfinn Park,Dublin 10,Dublin,D10 TX63,,Various Pentecostal,Pentecostal/Charismatic,53.344167,-6.359596,BALLYFERMOT-DRIMNAGH
Calvary Christian Centre,"19A Muirfield Drive, Off Naas Road, Inchicore, Bluebell",Dublin 12,Dublin,,https://ccireland.ie/,Christian Churches Ireland,Pentecostal/Charismatic,53.329004,-6.332522,BALLYFERMOT-DRIMNAGH
Gospel Faith Mission International Ireland HQ,"Unit 4, Dartmouth House Industrial Centre, Kylemore Road",Dublin 10,Dublin,D10 YE00,,Various Pentecostal,Pentecostal/Charismatic,53.3368091705272,-6.34514128219961,BALLYFERMOT-DRIMNAGH
Jesus Centre,"Unit 119A, JFK Industrial Estate, Bluebell Ave",Dublin,Dublin,D12 DR60,https://rccgireland.org/dublin,RCCG,Pentecostal/Charismatic,53.3278599186683,-6.3538896552645,BALLYFERMOT-DRIMNAGH
Ministry of Jesus Church,"7 Le Fanu Road, Ballyfermot Road, Cherry Orchard",Dublin 10,Dublin,D10 NH74,ministryofjesus.ie,Various Pentecostal,Pentecostal/Charismatic,53.342156,-6.356633,BALLYFERMOT-DRIMNAGH
New Life Tamil Church Dublin,67A Pearse St,Dublin 2,Dublin,D02 WD62,https://www.nlcdublin.com,Various Pentecostal,Pentecostal/Charismatic,53.344176,-6.359673,BALLYFERMOT-DRIMNAGH
Victory Outreach Dublin Church,"Unit 11 & 12, Westlink Industrial Estate, Ballyfermot",Dublin 10,Dublin,,http://victory.ie/,Various Pentecostal,Pentecostal/Charismatic,53.3372397,-6.3433277,BALLYFERMOT-DRIMNAGH
Word International Ministries Ireland,Unit G-5 Chapelizod Industrial Park,Dublin,Dublin,D20 V381,https://wordinternationalireland.com/,Various Pentecostal,Pentecostal/Charismatic,53.3469044818472,-6.34183448885529,BALLYFERMOT-DRIMNAGH
Jamestown Road Baptist Church,29a Jamestown Road,Finglas,Dublin,D11 HX89,www.jamestownroadchurch.ie,ABCI,Baptist/Independent Evangelical,53.3910752723024,-6.29692551768844,BALLYMUN-FINGLAS
King's Tabernacle,Dublin,Dublin,Dublin,D11 R262,,RCCG,Pentecostal/Charismatic,53.3338427790261,-6.36651677351414,BALLYMUN-FINGLAS
Open Heavens,"20 Lee Road, Dublin Industrial Estate, Glasnevin",Dublin,Dublin,D11 A662,https://rccgopenheavens.com/,RCCG,Pentecostal/Charismatic,53.3719644192023,-6.28978285525139,BALLYMUN-FINGLAS
Blackrock - St Andrew’s Presbyterian Church,18 Mount Merrion Avenue,Blackrock,Dublin,,https://www.standrewschurchblackrock.ie,PCI,Presbyterian/Reformed,53.3016534444291,-6.18455818854786,BLACKROCK
Blackrock Community Church,"St. Andrew's College, 55 Booterstown Ave",Williamstown,Dublin,A94 P2N7,blackrockchurch.ie,ABCI,Baptist/Independent Evangelical,53.3056266026637,-6.20165352453498,BLACKROCK
South Hill Evangelical Church,"South Hill Park, Booterstown Avenue, Mount Merrion",Blackrock,Dublin,A94 R5W4,https://www.southhillchurchdublin.ie,Independent Evangelical,Baptist/Independent Evangelical,53.298803,-6.204168,BLACKROCK
Urban Junction,Blackrock,Dublin,Dublin,A94 K6C3,https://urban-junction.com/,Methodist,Methodist/Wesleyan,53.3010596956041,-6.17612736002223,BLACKROCK
Betania Church,"Powerstown Road, Tyrrelstown",Dublin 15,Dublin,D15 V0YK,https://www.betania.ie/en,Various Pentecostal,Pentecostal/Charismatic,53.4146429453078,-6.39355537272189,BLANCHARDSTOWN-MULHUDDART
Bethlehem Christian Fellowship,"Unit 3B, Century Business Park, St Margaret's Road, Finglas",Dublin 11,Dublin,D11 H972,https://www.bcfchurch.ie,Independent Evangelical,Baptist/Independent Evangelical,53.402099,-6.301452,BLANCHARDSTOWN-MULHUDDART
Blanchardstown Baptist Church,Rath Dara Community College Blanchardstown Road North,Dublin,Dublin,D15 P380,https://bbc.ac/,Various Baptist,Baptist/Independent Evangelical,53.4014400,-6.37923,BLANCHARDSTOWN-MULHUDDART
Blanchardstown Methodist Church,"1-21 Boulevard, French Park, Tyrrelstown",Dublin 15,Dublin,D15 H5H0,blanchardstownmethodistchurch.com,Methodist,Methodist/Wesleyan,53.4328817967549,-6.37745547350904,BLANCHARDSTOWN-MULHUDDART
Mulhuddart Community Church,"Mulhuddart Community Centre, Church Road",Mulhuddart,Dublin,D15 R2VF,https://www.ccdublin.com,Calvary Chapel,Other Protestant/Evangelical,53.405314115102,-6.39404311291231,BLANCHARDSTOWN-MULHUDDART
Hope and Glory Christian Ministries,"Unit 23/24, Tolka Valley Business Park, Tolka Valley Road",Dublin 11,Dublin,D11 Y362,https://hopeandglorychurch.com/,Various Pentecostal,Pentecostal/Charismatic,53.3786893722987,-6.28921370228139,BLANCHARDSTOWN-MULHUDDART
King's Court,Damastown,Damastown,Dublin,D15 K074,,RCCG,Pentecostal/Charismatic,53.4130845059408,-6.40579825523913,BLANCHARDSTOWN-MULHUDDART
New Covenant Church Blanchardstown,Unit A1 BASE Enterprise Centre Damastown Road Mulhuddart,Dublin,Dublin,,,Various Pentecostal,Pentecostal/Charismatic,53.4079981507677,-6.40073159043632,BLANCHARDSTOWN-MULHUDDART
Biserica Muntele Sionului,"143B Slaney Close, Dublin Industrial Estate, Glasnevin, Dublin 11",Dublin,Dublin,,https://www.facebook.com/BisericaMunteleSionuluiDublin/,Various Pentecostal,Pentecostal/Charismatic,53.3751352248002,-6.28939796835669,CABRA-GLASNEVIN
Dublin International Christian Church,"42 N Great George's St, Rotunda",Dublin 7,Dublin,D01 N6P2,https://www.instagram.com/dublinicc/,Various Pentecostal,Pentecostal/Charismatic,53.3546814722916,-6.26060070228261,CABRA-GLASNEVIN
Ireland Tamil Christian Fellowship,"Unit 35, Finglas Business Centre, Jamestown Road, Finglas North",Dublin 11,Dublin,,,Various Pentecostal,Pentecostal/Charismatic,53.37628,-6.30832,CABRA-GLASNEVIN
Livingwater Church,"33 Slaney Road, Dublin Industrial Estate, Glasnevin / Finglas",Dublin 11,Dublin,D11 VA40,facebook.com/livingwaterchurchfinglas,Elim Ministries Ireland,Pentecostal/Charismatic,53.373848,-6.290634,CABRA-GLASNEVIN
Mount Olive Tamil Church,"Jamestown Rd, Finglas",Dublin 11,Dublin,D11 TF61,mountolivetamilchurch.com,Various Pentecostal,Pentecostal/Charismatic,53.3978596607943,-6.29114054652355,CABRA-GLASNEVIN
North City Baptist Church,"Deaf Village Ireland, Ratoath Road",Cabra West,Dublin,D07 V4KP,www.northcitychurch.ie,ABCI,Baptist/Independent Evangelical,53.3640567722945,-6.300444502348,CABRA-GLASNEVIN
UCKG HelpCentre - Universal Church,"157 Phibsborough Road, Phibsborough",Dublin 7,Dublin,D07 YN73,uckg.ie,Various Pentecostal,Pentecostal/Charismatic,53.3611120670088,-6.27251480234821,CABRA-GLASNEVIN
Grace Abundant Filipino Community Church,10 Main Street Blanchardstown,Dublin,Dublin,D15 DX34,https://www.facebook.com/GraceAbundantFilipinoCommunityChurch/,Various Pentecostal,Pentecostal/Charismatic,53.386193572301,-6.37692448693971,CASTLEKNOCK
Lighthouse Church (Dublin),"Odeon Cinema, Blanchardstown Shopping Centre, Blanchardstown Road South",Dublin 15,Dublin,D15 XKC7,https://www.lighthousechurch.ie/,Christian Churches Ireland,Pentecostal/Charismatic,53.3925138,-6.3912158,CASTLEKNOCK
LA GRACE Christian Assembly,"44A John F. Kennedy Avenue, JFK Industrial Estate","Bluebell, Dublin 12",Dublin,D12 DKR6,http://www.lagrace.info,Various Pentecostal,Pentecostal/Charismatic,53.326427,-6.355311,CLONDALKIN
Clontarf and Scots Presbyterian Church,3 Howth Road,Clontarf,Dublin,,https://www.clontarfchurch.ie,PCI,Presbyterian/Reformed,53.36419,-6.22704,CLONTARF
Clontarf Methodist Church,201 Clontarf Road,Dublin 3,Dublin,D03 NY50,http://www.irishmethodist.org/church/clontarf,Methodist,Methodist/Wesleyan,53.362878872294,-6.21592727351264,CLONTARF
Fairview Hall,"13 Annesley Bridge Road, Fairview",Dublin 3,Dublin,D03 DC92,https://fairviewhall.ie,Brethren,Brethren/Gospel Hall,53.361783,-6.238005,CLONTARF
JILGM Ireland,"St. John Bosco Youth Centre, Drimnagh",Dublin 12,Dublin,D09 EH60,,Various Pentecostal,Pentecostal/Charismatic,53.335218631125,-6.31815860234952,CLONTARF
Faith City Church,"ODEON Coolock, 84 Malahide Road, Coolock",Dublin 5,Dublin,D17 ET62,https://linktr.ee/faithcitychurchdublin,Various Pentecostal,Pentecostal/Charismatic,53.3911118,-6.1927281,DONAGHMEDE
Arann Reformed Baptist Church,"Scouts Den, Coolevin",Ballybrack,Dublin,A96 XA06,https://www.facebook.com/arann.church/,Various Baptist,Baptist/Independent Evangelical,53.253296,-6.13594,DÚN LAOGHAIRE
Dun Laoghaire Evangelical Church,Lower Glenageary Road,Dún Laoghaire,Dublin,A96 F6T0,https://www.dec.ie,Independent Evangelical,Baptist/Independent Evangelical,53.285472,-6.13323,DÚN LAOGHAIRE
Dun Laoghaire Methodist Church,10 Northumberland Ave,Dun Laoghaire,Dublin,A96 VY15,https://dlmc.org/,Methodist,Methodist/Wesleyan,53.2907024533511,-6.13570768331378,DÚN LAOGHAIRE
Dun Laoghaire Presbyterian Church,York Road,Dun Laoghaire,Dublin,,https://www.dl-pc.org,PCI,Presbyterian/Reformed,53.2908054100734,-6.14450107970662,DÚN LAOGHAIRE
Crossroads Church Dublin,"1A Earlscourt Industrial Estate, Beaumont Avenue, Churchtown",Dublin 14,Dublin,D14 E0F4,https://crossroadschurchdublin.blogspot.com/,Independent Evangelical,Baptist/Independent Evangelical,53.292258,-6.259351,DUNDRUM
Hope Baptist Church,"Taney Hall, Eglinton Terrace, Dundrum",Dublin 14,Dublin,D14 C7F7,https://hope.ie/,Various Baptist,Baptist/Independent Evangelical,53.2898113,-6.2423108,DUNDRUM
Redeemer Church,"Rathfarnham Educate Together, Lereto Ave",Dublin,Dublin,D14 V5W4,https://www.redeemerdublin.ie/,Independent Evangelical,Baptist/Independent Evangelical,53.291757,-6.275089,DUNDRUM
Ballycullen Community Church,"St. Colmcilles School, Scholarstown Rd",Dublin 16,Dublin,D16 H298,www.ballycullencc.com,ABCI,Baptist/Independent Evangelical,53.2789228273159,-6.31519483112171,FIRHOUSE-BOHERNABREENA
Church of Christ Knocklyon,Knocklyon Road Templeogue,Dublin,Dublin,D16 Y157,https://www.churchofchrist.ie/,Church of Christ,Other Protestant/Evangelical,53.2841571,-6.3259815,FIRHOUSE-BOHERNABREENA
New Apostolic Church Dublin,Quaker House Stocking Lane Rathfarnham,Dublin,Dublin,D16 V3F8,,Various Pentecostal,Pentecostal/Charismatic,53.2726162,-6.3060898,FIRHOUSE-BOHERNABREENA
Dundrum Methodist Church,"Ballinteer Road, Dundrum Methodist Church","Dundrum, Dublin 16",Dublin,D16 WK27,https://dundrummethodist.ie/,Methodist,Methodist/Wesleyan,53.276371,-6.244032,GLENCULLEN-SANDYFORD
Open Arms Church (Sandyford),"69c Heather Road, Sandyford Business Park",Dublin,Dublin,D18 Y9F6,https://openarms.ie/,Christian Churches Ireland,Pentecostal/Charismatic,53.2715481868388,-6.21420680620527,GLENCULLEN-SANDYFORD
(Howth and) Malahide Presbyterian Church,Dublin Road,Malahide,Dublin,K36 PE80,https://www.hmpchurch.org,PCI,Presbyterian/Reformed,54.949786,-7.7182363,HOWTH-MALAHIDE
Christ Church North Dublin,"Baldoyle Community Hall, Main Street, Baldoyle",Dublin 13,Dublin,,https://christchurchnorthdublin.com/,ICM,Other Protestant/Evangelical,53.3995625178842,-6.12785770633872,HOWTH-MALAHIDE
Malahide Presbyterian Church,Dublin Road,Malahide,Dublin,K36 PE80,https://www.hmpchurch.org/,PCI,Presbyterian/Reformed,53.4501268,-6.1595067,HOWTH-MALAHIDE
Sutton (Landmark) Methodist Church,Church Road,Sutton,Dublin,D13 K092,,Methodist,Methodist/Wesleyan,53.3897841727184,-6.10460832013786,HOWTH-MALAHIDE
Howth (and Malahide) Presbyterian Church,"103 Howth Road, Howth",Dublin,Dublin,D13 DH52,https://www.hmpchurch.org,PCI,Presbyterian/Reformed,53.3904084281994,-6.08617994347337,HOWTH-MALAHIDE
King's Arena,"St. Anne's National School, Shankill",Dun Laoghaire,Dublin,D18 E274,,RCCG,Pentecostal/Charismatic,53.234296672257,-6.12881900235474,KILLINEY-SHANKILL
Shankill Bible Church,"Glen Maris House, Eaton Wood Grove",Shankill,Dublin,D18 WK27,https://www.shankillbiblechurch.org/,Brethren,Brethren/Gospel Hall,53.2341284156739,-6.11700584653201,KILLINEY-SHANKILL
Christ Church Rathgar Presbyterian Church,Rathgar Road,Rathgar,Dublin,,https://www.christchurchrathgar.org,PCI,Presbyterian/Reformed,53.3125860099338,-6.27289453288336,KIMMAGE-RATHMINES
Crumlin Christian Assembly,"Community Hall, 101 Cashel Road, Crumlin",Dublin 12,Dublin,,,Various Pentecostal,Pentecostal/Charismatic,53.32236,-6.30628,KIMMAGE-RATHMINES
Hope Centre,"Old St. Mary's Church, St Agnes Terrace, Crumlin",Dublin 12,Dublin,D12 YC80,https://hopecentre.ie/,Christian Churches Ireland,Pentecostal/Charismatic,53.3227635,-6.319465,KIMMAGE-RATHMINES
Rathgar Methodist Church,6 Brighton Road,Terenure,Dublin,D06 H797,https://rathgar.hubb.church/,Methodist,Methodist/Wesleyan,53.3145011993805,-6.27925422768039,KIMMAGE-RATHMINES
Rathmines Gospel Assembly,180 Rathmines Rd Upper,Rathmines,Dublin,D06 A2T9,https://gospel.ie/,Brethren,Brethren/Gospel Hall,53.3161558404912,-6.26388923989193,KIMMAGE-RATHMINES
Chapel of Restoration,"Saint Finian's Community Hall, Main Street Upper, Newcastle North",Newcastle,Dublin,K78 X409,,RCCG,Pentecostal/Charismatic,53.3000682660083,-6.50319310235138,LUCAN
Chinese Gospel Church Esker House,"Esker House, Esker Road, Esker South",Lucan,Dublin,,https://cgci.ie,Chinese Gospel Church,Other Protestant/Evangelical,53.3494534635021,-6.44102404467791,LUCAN
Dominion Chapel,"Rossecourt Resource Centre, Balgaddy",Lucan,Dublin,K78 YV90,https://rccgdominionchapellucan.org/,RCCG,Pentecostal/Charismatic,53.361136167016,-6.44360160234819,LUCAN
Lucan Methodist Church,Dispensary Road,Lucan,Dublin,K78 R7P2,https://dublincentralmission.ie/abbey-street-methodist-church/,Methodist,Methodist/Wesleyan,53.3566594634223,-6.44958999251668,LUCAN
Lucan Presbyterian Church,Lower Main Street,Lucan,Dublin,,https://www.lpc.ie,PCI,Presbyterian/Reformed,53.3577109750758,-6.44973719521773,LUCAN
Power House,"Office 5, 12 Main Street Lower",Lucan,Dublin,K78 N2V0,,RCCG,Pentecostal/Charismatic,53.3585731905937,-6.44821356667121,LUCAN
The Father's House,St. John the Evangelist National School,Adamstown,Dublin,K78 P212,https://www.facebook.com/profile.php?id=61565829561592,RCCG,Pentecostal/Charismatic,53.3384,-6.4512,LUCAN
Abbey Presbyterian Church,"Parnell Square North, North Frederick Street",Dublin,Dublin,D01 V2A0,https://www.abbeychurch.ie,PCI,Presbyterian/Reformed,54.949786,-7.7182363,NORTH INNER CITY
AFM Praise Tabernacle,"9 Portland Row, Mountjoy",Dublin 1,Dublin,D01 H7T1,https://www.facebook.com/p/AFM-Praise-Tabernacle-100079882060563/,Various Pentecostal,Pentecostal/Charismatic,53.356436,-6.2494609,NORTH INNER CITY
Assembly Of God Ireland Ministry Dublin,"2 Rutland Place, Rotunda",Dublin 1,Dublin,D01 FP66,https://www.facebook.com/assemblyofgoddublinministrymadureira12/,Assemblies of God,Pentecostal/Charismatic,53.3538722644155,-6.26098923845532,NORTH INNER CITY
Betel Dublin (Romanian),"1 Parnell Square North, Rotunda",Dublin,Dublin,,beteldublin.com,Various Pentecostal,Pentecostal/Charismatic,53.4140376723091,-6.36047017344437,NORTH INNER CITY
Chinese Gospel Church Abbey Street,49 Middle Abbey Street,Dublin 1,Dublin,D01 Y6W3,https://cgci.ie/abbey-street/,Chinese Gospel Church,Other Protestant/Evangelical,53.347521,-6.262674,NORTH INNER CITY
Christian Assembly Evangelical Church,110 Middle Abbey Street,Dublin,Dublin,D01 EH48,http://www.caec.ie/,Independent Evangelical,Baptist/Independent Evangelical,53.348113,-6.263342,NORTH INNER CITY
City Church Dublin,"ODEON Point Square, East Wall Road, Point Square",Dublin 1,Dublin,,https://citychurchdublin.ie,ICM,Other Protestant/Evangelical,53.3486767768021,-6.22820004467793,NORTH INNER CITY
Dublin Central Methodist Church,Church of St George & St Thomas Cathal Brugha Street,Rotunda,Dublin,Dublin 1,https://dublincentralmission.ie/abbey-street-methodist-church/,Methodist,Methodist/Wesleyan,53.3525194812692,-6.25936891614093,NORTH INNER CITY
Holy Trinity Church,17 Parnell Square North,Dublin 1,Dublin,D01 V2A0,,Various Pentecostal,Pentecostal/Charismatic,53.354486,-6.263691,NORTH INNER CITY
Immanuel Church Dublin,28 Bachelors Walk,Dublin 1,Dublin,D01 P4V6,https://immanuelchurchdublin.org,ICM,Other Protestant/Evangelical,53.347479,-6.260487,NORTH INNER CITY
Iranian Gospel Church Dublin,28 Bachelors Walk,Dublin,Dublin,,,ICM,Other Protestant/Evangelical,53.3473740665151,-6.26045020694113,NORTH INNER CITY
Jesus Tabernacle,Dublin,Dublin,Dublin,D01 NY60,,RCCG,Pentecostal/Charismatic,53.4007558491251,-6.3406036735107,NORTH INNER CITY
The Church of Pentecost Ireland,26-29 Summerplace Mountjoy Square,Dublin 1,Dublin,D01 TR63,https://www.copireland.org/,Various Pentecostal,Pentecostal/Charismatic,53.3563038672444,-6.25415293793067,NORTH INNER CITY
The Potter’s House Church,"Christ Church Sandymount, Sandymount Green",Dublin 4,Dublin,D04 YT68,https://pottershouse.ie,Various Pentecostal,Pentecostal/Charismatic,53.3321525652918,-6.21483370234968,NORTH INNER CITY
Trinity Church Dublin,"The Exchange, 50 Gardiner Street Lower",Dublin 1,Dublin,D01 VC03,https://www.trinity.ie,Independent Evangelical,Baptist/Independent Evangelical,53.3500189722904,-6.2541701888551,NORTH INNER CITY
Dublin West Community Church,"Hansfield Educate Together National School, Barnwell Road, Hansfield",Dublin 15,Dublin,D15 H1FC,https://dublinwest.ie,Independent Evangelical,Baptist/Independent Evangelical,53.3915346053069,-6.44491677058733,ONGAR
Telugu Church - Christian Fellowship Ireland - Telugu & English,"Unit 56, Park West Enterprise Centre, Lavery Ave, Park West Industrial Park",Dublin 12,Dublin,D12 NV67,https://cfidublin.wixsite.com/cfi-church,Various Pentecostal,International Churches,53.3339827462791,-6.36757421944218,ONGAR
Clondalkin Christian Fellowship,"Rowlagh Community Centre, Neilstown Road","Clondalkin, Dublin 22",Dublin,,https://clondalkinchristianfellowship.com,Independent Evangelical,Baptist/Independent Evangelical,53.343572,-6.398226,PALMERSTOWN-FONTHILL
Expectation Church,"Screen 6, Vue Cinema, Liffey Valley Shopping Centre",Dublin 22,Dublin,D22 R6K8,https://www.weareexpectation.com/,Christian Churches Ireland,Pentecostal/Charismatic,53.3522478,-6.3936439,PALMERSTOWN-FONTHILL
Liberty Church,"12 Bluebell Rd, Inchicore",Dublin 12,Dublin,D12 RT27,libertychurch.ie,Various Pentecostal,Pentecostal/Charismatic,53.3327579041313,-6.33598675526304,PALMERSTOWN-FONTHILL
New Life International Ministries,"Unit 31, Cherry Orchard Industrial Estate, Ballyfermot Road",Dublin 10,Dublin,,newlifedublin.com,Various Pentecostal,Pentecostal/Charismatic,53.346165,-6.373474,PALMERSTOWN-FONTHILL
Centenary Methodist Church,Leeson Park,Dublin 6,Dublin,D06 N152,https://www.methodistcentenary.ie/,Methodist,Methodist/Wesleyan,53.3292765722844,-6.25181700234983,PEMBROKE
Church Of Christ Dublin,47 Ranelagh Road,Dublin 6,Dublin,D06 C2P3,https://www.churchofchristireland.ie,Church of Christ,Other Protestant/Evangelical,53.326938,-6.256796,PEMBROKE
Dublin Korean Church,"Litton Hall, Leeson Park",Dublin 6,Dublin,D06 N152,,Methodist,Methodist/Wesleyan,53.3292199722843,-6.25194373111926,PEMBROKE
Grosvenor Road Baptist Church,"15A Grosvenor Road, Rathmines",Dublin 6,Dublin,D06 AH26,www.grosvenorbaptist.org,ABCI,Baptist/Independent Evangelical,53.3197816988414,-6.27199540228435,PEMBROKE
Methodist Centenary Church,"Wesley House, Leeson Park",Ranelagh,Dublin,D06 E542,https://www.methodistcentenary.ie/,Methodist,Methodist/Wesleyan,53.3292830056931,-6.25181968238326,PEMBROKE
Ranelagh Christian Church,47A Ranelagh Road,Ranelagh,Dublin,D06 NX99,https://www.bibleanswers.ie/,Church of Christ,Other Protestant/Evangelical,53.326833,-6.256637,PEMBROKE
Bethany Church,"16 Whitehall Close, Terenure",Dublin 6,Dublin,,https://www.bethanychurch.ie,Independent Evangelical,Baptist/Independent Evangelical,53.306299,-6.318744,RATHFARNHAM-TEMPLEOGUE
Christ Embassy Dublin,"Unit K2, Ballymount Drive, Ballymount Industrial Estate",Dublin 12,Dublin,D12 Y590,https://www.facebook.com/ceireland/,Various Pentecostal,Pentecostal/Charismatic,53.314298,-6.345679,RATHFARNHAM-TEMPLEOGUE
Indian Pentecostal Church of God - IPC Dublin,86 Saint Joseph's Road,Dublin 12,Dublin,D12 H956,ipcchurchdublin.com,Various Pentecostal,Pentecostal/Charismatic,53.309952,-6.332328,RATHFARNHAM-TEMPLEOGUE
In Christ Church Pentecostal Church of Ireland,"Unit 6D, Greenhills Industrial Estate, Greenhills Road, Walkinstown",Dublin,Dublin,D12 K542,ipcireland.org,Various Pentecostal,Pentecostal/Charismatic,53.312738,-6.337899,RATHFARNHAM-TEMPLEOGUE
Assembly of Praise,"1 Church Road, Lough Common",Lusk,Dublin,K45 WF90,https://www.facebook.com/profile.php?id=100064310150192,RCCG,Pentecostal/Charismatic,53.5257781838502,-6.16577438152719,RUSH-LUSK
Donabate Presbyterian Church,"Donabate & Portrane Community Centre, Portrane Road",Donabate,Dublin,,https://www.donabatepc.org,PCI,Presbyterian/Reformed,53.4899037981974,-6.14323128339258,RUSH-LUSK
Abundant Grace Christian Assembly,"Regal House, 28 Fitzwilliam Street, Ringsend",Dublin 4,Dublin,D04 FH24,https://www.abundantgrace.ie,Various Pentecostal,Pentecostal/Charismatic,54.949786,-7.7182363,SOUTH EAST INNER CITY
Adelaide Road Presbyterian Church,"18a Adelaide Road, Saint Kevin's",Dublin 2,Dublin,D02 HP49,https://www.adelaideroadchurch.ie,PCI,Presbyterian/Reformed,53.3324669,-6.25897,SOUTH EAST INNER CITY
Christ City Church Dublin,"Synge Street Secondary School, Synge Street, Portobello",Dublin 8,Dublin,,christcitychurch.ie,Independent Evangelical,Baptist/Independent Evangelical,53.333248,-6.267112,SOUTH EAST INNER CITY
Dublin Vineyard,"35 Avenue Road, Portobello",Dublin 8,Dublin,D08 FT53,dublinvineyard.ie,Various Pentecostal,Pentecostal/Charismatic,53.331028,-6.270814,SOUTH EAST INNER CITY
Every Nation Dublin,"CBS Synge Street, Synge Street",Dublin 8,Dublin,,https://www.everynation.ie,Various Pentecostal,Pentecostal/Charismatic,53.3335571998547,-6.2679539718265,SOUTH EAST INNER CITY
Grace Bible Fellowship,28a Pearse Street,Dublin 2,Dublin,D02 NA48,www.grace.ie,ABCI,Baptist/Independent Evangelical,53.3450817773412,-6.25318621577708,SOUTH EAST INNER CITY
Grace Fellowship Church,"c/o Central Fire Station, Tara Street (corner of Pearse St & Tara St)",Dublin 2,Dublin,,https://www.grace.ie,Independent Evangelical,Baptist/Independent Evangelical,53.3450770299408,-6.25320193481318,SOUTH EAST INNER CITY
Irishtown Gospel Hall & Chapel of Ease.,57 Irishtown Road,Dublin 4,Dublin,D04 CA43,https://www.facebook.com/go2chapelofease/,Brethren,Brethren/Gospel Hall,53.338596,-6.223424,SOUTH EAST INNER CITY
Peoples Church Dublin City,67A Pearse Street,Dublin 2,Dublin,,https://www.peopleschurchdublin.com/,Various Pentecostal,Pentecostal/Charismatic,53.343636,-6.245977,SOUTH EAST INNER CITY
St. Mark's Church Dublin,42A Pearse Street,Dublin 2,Dublin,D02 R123,https://www.stmarks.ie,Christian Churches Ireland,Pentecostal/Charismatic,53.344737,-6.251019,SOUTH EAST INNER CITY
All Nations Church,"National Stadium, 145 South Circular Road",Dublin 8,Dublin,D08 HY40,https://www.allnations.ie/,Various Pentecostal,Pentecostal/Charismatic,53.330888754728,-6.2800976324363,SOUTH WEST INNER CITY
ICRM Redeemer Church Dublin,"Our Lady's Hall, 12 Mourne Road","Drimnagh, Dublin 12",Dublin,D12 DW68,https://www.icrmchurchdublin.com,Various Pentecostal,Pentecostal/Charismatic,53.3309407722849,-6.31923423111915,SOUTH WEST INNER CITY
Solid Rock Church Dublin,"6B Goldenbridge Industrial Estate, Tyrconnell Road, Inchicore",Dublin 8,Dublin,D08 F880,https://solidrockdublin.org,Various Pentecostal,Pentecostal/Charismatic,53.335647,-6.323949,SOUTH WEST INNER CITY
St Catherine's Church of Ireland,"Thomas Street, The Liberties",Dublin 8,Dublin,D08 DNA7,https://saintcatherines.ie,Anglican,Other Protestant/Evangelical,53.342949,-6.281226,SOUTH WEST INNER CITY
Excel Parish,"Unit 55F, Stillorgan Industrial Park",Sandyford,Dublin,A94 F8AO,https://rccgexcelparishdublin.org/,RCCG,Pentecostal/Charismatic,53.2792686081121,-6.21918761479795,STILLORGAN
South City Church,"Glenalbyn Sports and Conference Centre, Glenalbyn Road, Stillorgan",Dublin,Dublin,A94 WC62,https://www.southcitychurch.ie,Independent Evangelical,Baptist/Independent Evangelical,53.286534,-6.200003,STILLORGAN
All Nations Assembly,"Apple Community Centre, Bunbury Gate Ave",Swords,Dublin,K67 E903,,RCCG,Pentecostal/Charismatic,53.4564,-6.2134,SWORDS
Dublin Christian Fellowship,"First Floor, Leisure, Charlestown Shopping Centre, Finglas",Dublin 11,Dublin,,https://www.messagedublin.com,Independent Evangelical,Baptist/Independent Evangelical,53.4048755723064,-6.30375323111549,SWORDS
Overcomers Chapel,"The Scout Den, Balheary Road",Swords,Dublin,K67 E6Y7,https://rccgovercomerschapel.org/,RCCG,Pentecostal/Charismatic,45.3331296601073,-75.7043308162342,SWORDS
Swords Baptist Church,"Feltrim Rd, Drinan, Swords",Swords,Dublin,K67P X85,www.swordsbaptistchurch.com,ABCI,Baptist/Independent Evangelical,53.448005920169,-6.20095428849986,SWORDS
Swords Elim Church,"St Colmcille's GFC, Glen Ellan Road, Holybanks",Swords,Dublin,K67 H996,https://swordselim.weebly.com/,Elim Ministries Ireland,Pentecostal/Charismatic,53.46795,-6.221682,SWORDS
D24 Church,Movies@TheSquare Level 3 The Square Tallaght,Dublin,Dublin,,https://www.d24church.ie/,Christian Churches Ireland,Pentecostal/Charismatic,53.2870720,-6.370449,TALLAGHT CENTRAL
Joseph's Palace,"Unit 66, Broomhill Business Park",Tallaght,Dublin,D24 EK72,,RCCG,Pentecostal/Charismatic,53.2943866363298,-6.36420744178084,TALLAGHT CENTRAL
Lifegate Bible Baptist Church,3 Main Street,Tallaght,Dublin,D24 DPK2,https://lifegate.org/,Various Baptist,Baptist/Independent Evangelical,53.28843,-6.356443,TALLAGHT CENTRAL
Tallagh Family Church,"An Solas, Fortunestown Road, Jobstown, Tallaght",Dublin 24,Dublin,D24 XT7N,https://www.facebook.com/TallaghtFamilyChurch/,Various Pentecostal,Pentecostal/Charismatic,53.295174,-6.378029,TALLAGHT CENTRAL
Firebrand Christian Church,Scoil Chaitlin Maude Hazelgrove Tallaght,Dublin,Dublin,D24 RYW1,https://four12global.com/partners/firebrand-christian-church/,Various Pentecostal,Pentecostal/Charismatic,53.27413,-6.4028,TALLAGHT SOUTH
Tallaght (An Solas) Methodist Church,Kiltalown,Tallaght,Dublin,D24 XW6P,https://www.methodistcentenary.ie/Groups/429401/Tallaght_Methodist_Church.aspx,Methodist,Methodist/Wesleyan,53.2787657323161,-6.4008116888588,TALLAGHT SOUTH
Athenry Gospel Church,Athenry Community Hall Clarke Street,Athenry,Galway,H65 KT10,http://www.athenrygc.ie,Independent Evangelical,Baptist/Independent Evangelical,53.2974359288355,-8.74785371594285,ATHENRY-ORANMORE
Oranmore Community Church,Maldron Hotel Carrowmoneash,Oranmore,Galway,H91 K7FA,https://occhurch.ie,Various Baptist,Baptist/Independent Evangelical,53.2773623,-8.9283634,ATHENRY-ORANMORE
Ballinasloe Christian Fellowship,"The Storehouse, Harbour Road, Townparks",Ballinasloe,Galway,H53 YD51,https://www.ballinasloechristianfellowship.com,Calvary Chapel,Other Protestant/Evangelical,53.3268619588787,-8.22065739560883,BALLINASLOE
Discovery Church (Clifden),25 Cuirt Cregg,Clifden,Galway,H71 PE83,https://www.instagram.com/discoverychurchclifden,Various Pentecostal,Pentecostal/Charismatic,53.48949627,-10.0028378,CONAMARA NORTH
Community Christian Church,Unit 2 Gairdin Mhaire,Moycullen,Galway,H91 K35R,Www.CommunityChristian.ie,Independent Evangelical,Baptist/Independent Evangelical,53.339307,-9.182126,CONAMARA SOUTH
Grace Baptist Church,"Connacht Hotel, Renmore",Galway,Galway,H91 K5DD,https://gracegalway.ie,Independent Evangelical,Baptist/Independent Evangelical,53.2799034,-9.021073363,GALWAY CITY EAST
Furbo Baptist Church,CARRAIG NA GREINE,Furbo,Galway,H91 FK71,https://www.facebook.com/furbobaptist/,ABCI,Baptist/Independent Evangelical,53.257500,-9.2125,CONAMARA SOUTH
Covenant Christian Fellowship,"Unit 3, Sean Mulvoy Commercial Centre, Sean Mulvoy Road",Galway,Galway,H91 W2H5,https://www.ccfgalway.com/,Reformed Presbyterian Church of Ireland,Presbyterian/Reformed,53.282304,-9.041886,GALWAY CITY CENTRAL
L15 Church,"Maldron Hotel, Headford Point, Sandy Road",Galway,Galway,H91 ET6N,https://www.l15church.ie,Various Pentecostal,Pentecostal/Charismatic,53.285725,-9.0451226,GALWAY CITY CENTRAL
United Presbyterian Church,Queen Street,Galway,Galway,H91 TW21,https://www.unitedchurchgalway.ie,PCI,Presbyterian/Reformed,53.27285,-9.04811,GALWAY CITY CENTRAL
Bethel Parish,"Block D, Oldenway Business Park, Unit 28 Ballybrit Heights",Galway City,Galway,H91 CH6C,https://www.facebook.com/rccgbethelparishgalway,RCCG,Pentecostal/Charismatic,"53.289505396241864,",-9.005556667,GALWAY CITY EAST
Discovery Church (Galway),"Industrial Development Agency (IDA) Small Business Centre, Park Tuam Road",Galway,Galway,H91 RK5Y,https://discoverychurch.ie/,Christian Churches Ireland,Pentecostal/Charismatic,53.28911,-9.02164,GALWAY CITY EAST
Galway Christian Fellowship,"New Life Centre, Monivea Road, Ballybrit",Galway,Galway,H91 H2W8,https://gcfchurch.ie/,Independent Evangelical,Baptist/Independent Evangelical,53.288847,-9.008297,GALWAY CITY EAST
Lighthouse Assembly International Church,"Unit 5 Bóthar Na Mine, Ballybane Industrial Estate",Galway,Galway,H91 RFC1,lighthouseassembly.neocities.org,Various Pentecostal,Pentecostal/Charismatic,53.292123,-9.015201,GALWAY CITY EAST
The Power House International,"Unit 22 Marangonii House, Monivea Rd, Ballybrit Heights",Galway,Galway,H91 958A,https://www.thepowerhouseinternational.org,Various Pentecostal,Pentecostal/Charismatic,53.28883956,-9.005808661,GALWAY CITY EAST
TREM House of Mercy,Unit 45 Briarhill Business Park,Briarhill,Galway,H91 C971,https://trem.ie,Various Pentecostal,Pentecostal/Charismatic,53.2910,-8.989,GALWAY CITY EAST
Calvary Galway,"Galway Bay Hotel, Upper Salthill",Galway,Galway,H91 W295,https://www.calvarygalway.com/,Calvary Chapel,Other Protestant/Evangelical,53.2587397,-9.084966482,GALWAY CITY WEST
Winners Chapel International,Kilkerrin Park 1 Liosban Industrial Estate,Galway,Galway,H91 RK24,https://winnerschapelireland.org/,Various Pentecostal,Pentecostal/Charismatic,53.28444,-9.036767,GALWAY CITY CENTRAL
Christ Apostolic Church (VOC),"Unit 4/5, Addley Business Park, Liosban Industrial Estate",Galway,Galway,H91 K231,https://www.facebook.com/cacvocgalway/,Various Pentecostal,Pentecostal/Charismatic,53.284597,-9.037155,GALWAY CITY CENTRAL
Christ Apostolic Church Outreach,"Liosban Industrial Estate, Tuam Rd.",Galway,Galway,H91 H632,https://www.instagram.com/cacoutreachgalway/,Various Pentecostal,Pentecostal/Charismatic,53.28605478,-9.033311899,GALWAY CITY CENTRAL
Galway City Baptist Church,"Knocknacarra National School, Western Distributor Road",Knocknacarra,Galway,H91R 3N1,www.galwaycitychurch.com,ABCI,Baptist/Independent Evangelical,53.258398,-9.127748,GALWAY CITY WEST
Trinity Chapel,Gort,Gort,Galway,H91 V2P0,https://rccglivingstoneparish.com/galway/,RCCG,Pentecostal/Charismatic,53.0654,-8.8124,GORT-KINVARA
Calvary Church Loughrea,Loughrea Hotel & Spa,Loughrea,Galway,H62 Y189,www.calvarychurchloughrea.com,Independent Evangelical,Baptist/Independent Evangelical,53.202562,-8.586116,LOUGHREA
Fountain of Life,"Áras Na Cloiche, Dunkellin St ",Loughrea,Galway,H62 PF60,https://rccglivingstoneparish.com/galway/,RCCG,Pentecostal/Charismatic,53.2012,-8.5712,LOUGHREA
Assembly of God Mission Tuam,"No. 1 Mg Business Park, Galway Rd, Killaloonty",Tuam,Galway,H54 WN51,https://www.instagram.com/assemblytuam/,Various Pentecostal,Pentecostal/Charismatic,53.50812842,-8.875289247,TUAM
Cornerstone Parish Tuam,Unit 16 MG Business Park Galway Road,Tuam,Galway,H54 XY49,https://rccglivingstoneparish.com/galway/,RCCG,Pentecostal/Charismatic,53.5087042,-8.8758801,TUAM
Discovery Church (Tuam),"Vincent De Paul Family Centre (TUSLA Building), Dublin Road, Glebe",Tuam,Galway,H54 AH75,https://discoverychurch.ie/,Christian Churches Ireland,Pentecostal/Charismatic,53.511193,-8.845648,TUAM
The CornerChurch Tuam,Vicar Street,Tuam,Galway,H54 W718,http://www.irishchristian.net/tuam,Independent Evangelical,Baptist/Independent Evangelical,53.514193,-8.852097,TUAM
Community Baptist Church,Spout Lane,Milltown,Kerry,,,Various Baptist,Baptist/Independent Evangelical,52.1445638949626,-9.71708200241062,CORCA DHUIBHNE
Gateway Methodist Church,"Gateway Methodist Church, Killarney Road",Kenmare,Kerry,V93 T9XT,https://www.kenmare.ie/kenmare-item/gateway-methodist-church/,Methodist,Methodist/Wesleyan,51.88435393942,-9.59085196439224,KENMARE
Mercy of God Tabernacle,"Sunhill Rd, Castleconway",Killorglin,Kerry,V93 HK80,,RCCG,Pentecostal/Charismatic,52.1084,-9.7892,KENMARE
Grace Baptist Church (Killarney),"St Olivers National School, Rookery Road",Killarney,Kerry,V93 W594,www.gracebaptistchurch.ie,ABCI,Baptist/Independent Evangelical,52.0556881459778,-9.49246503614929,KILLARNEY
Killarney Christian Group,"Fossa Community Hall, Fossa",Killarney,Kerry,,https://www.killarneychristiangroup.ie/,Independent Evangelical,Baptist/Independent Evangelical,52.069019259804,-9.58089833124991,KILLARNEY
Killarney Methodist Church,1 Countess Road,Killarney,Kerry,V93 CHP9,https://www.killarneymethodist.com/,Methodist,Methodist/Wesleyan,52.0570263688569,-9.50620668092765,KILLARNEY
King’s Treasure Christian Centre,"9, Coolcaslagh Industrial Estate",Killarney,Kerry,V93 N960,https://www.facebook.com/pages/Kings-Treasure-Christian-Centre/128394808030508,Various Pentecostal,Pentecostal/Charismatic,52.0680114675909,-9.42952569105088,KILLARNEY
Word Of Victory Christian Fellowship & Bible School,Teernaboul,Killarney,Kerry,V93 V6X4,https://www.wordofvictory.ie/,Various Pentecostal,Pentecostal/Charismatic,52.0721966263105,-9.45133016438267,KILLARNEY
Living Rock Church,"The Mon Primary School, New Rd, Inch",Killarney,Kerry,V93 FP49,http://livingrock.info/,Various Pentecostal,Pentecostal/Charismatic,52.0623699570347,-9.51699521321529,KILLARNEY
Listowel Christian Fellowship,"Derra West, Shrone West",Listowel,Kerry,,http://www.listowelchristianfellowship.ie/,Independent Evangelical,Baptist/Independent Evangelical,52.4664688720472,-9.5300790201853,LISTOWEL
Inspiration House,Market Place,Tralee,Kerry,V92 K290,https://www.rccginspirationhousetralee.org/,RCCG,Pentecostal/Charismatic,52.2705967481096,-9.70713565987426,TRALEE
New Covenant Church Tralee,5 Maine Street,Tralee,Kerry,V92 Y5EY,https://newcovenantchurchireland.org/tralee/,Various Pentecostal,Pentecostal/Charismatic,52.271190451342,-9.70710996129976,TRALEE
Rehoboth Christian Church,Pipe Band Hall,Tralee,Kerry,V92 DR13,https://rehobothchristianchurch.ie/,Various Pentecostal,Pentecostal/Charismatic,"52.27109802083349,",-9.71004736497375,TRALEE
Tralee Baptist Church,"Collis Sandes House, Oakpark",Tralee,Kerry,V92P F5N,http://www.traleebaptistchurch.com/,ABCI,Baptist/Independent Evangelical,52.2866598054946,-9.69029019933059,TRALEE
Tralee Bible Fellowship,1st Floor CWS Centre Upper Rock Street Gallowsfield,Tralee,Kerry,V92 YH5V,https://traleebiblefellowship.ie/,Independent Evangelical,Baptist/Independent Evangelical,52.2739879985582,-9.70590824882892,TRALEE
Christian Church Tralee,"3 Cluainmore, Boherbee",Tralee,Kerry,,http://www.christianchurchtralee.com/,Independent Evangelical,Baptist/Independent Evangelical,52.268887113392,-9.69173104903088,TRALEE
Athy Methodist Church,5-6 Woodstock Street,Athy,Kildare,R14 RH70,https://irishmethodist.org/church/athy,Methodist,Methodist/Wesleyan,52.9921659676113,-6.98826395322688,ATHY
Athy Presbyterian Church,Dublin Road,Athy,Kildare,R14 DX43,https://presbytery.ie/find-a-church/south-west-and-midlands/athy-presbyterian-church/,PCI,Presbyterian/Reformed,52.9931265254432,-6.97370906187171,ATHY
Jesus Glory International,Woodstock South,Athy,Kildare,R14 PV38,https://jesusgloryintl.com/,RCCG,Pentecostal/Charismatic,52.9863879721871,-6.99852363120298,ATHY
Kingdom Life Church,3 Kirwans Lane,Athy,Kildare,R14 HV21,https://www.facebook.com/kildarecommunitystories/videos/kingdom-life-church-in-athy-/568721347977656/,Various Pentecostal,Pentecostal/Charismatic,52.9933105035177,-6.97958917297505,ATHY
Emmanuel's House,"Unit 19 The Mill, Celbridge Abbey",Celbridge,Kildare,W23 W327,https://www.rccgireland.org/,RCCG,Pentecostal/Charismatic,53.337166159807,-6.54030853118489,CELBRIDGE
The Bridge Church,"Unit 4, Celbridge Industrial Estate, Shackleton Road",Celbridge,Kildare,W23 R763,thebridgechurch.ie,Independent Evangelical,Baptist/Independent Evangelical,53.343654,-6.545904,CELBRIDGE
Community Church Clane,"Clane Business Park, UNIT C8",Clane,Kildare,W91 KF8K,https://rccgfolclane.com/,RCCG,Pentecostal/Charismatic,53.3025401823925,-6.69885233519289,CLANE
Triumph Church,The Westgrove Hotel Clane,Clane,Kildare,W91 YWE0,https://www.triumphchurch.ie/,Various Pentecostal,Pentecostal/Charismatic,53.2897767,-6.6818225,CLANE
Faith Arena Parish,Unit 2 Cowpasture Industrial Estate,Monasterevin,Kildare,,,RCCG,Pentecostal/Charismatic,53.1406955537173,-7.05570644272695,KILDARE
Life Sanctuary,"UNIT H4,MAYNOOTH BUSINESS CAMPUS, Straffan Rd",Maynooth,Kildare,W23 H3F4,http://www.rccglifesanctuary.org/,RCCG,Pentecostal/Charismatic,53.3653606090596,-6.58423479758245,MAYNOOTH
Maynooth Community Church,Dublin Road,Maynooth,Kildare,W23 P02A,maynoothcc.org,PCI,Presbyterian/Reformed,53.3831839804514,-6.58114047166344,MAYNOOTH
Oasis of Grace Centre,128A Rail Park,Maynooth,Kildare,W23 P5Y0,,RCCG,Pentecostal/Charismatic,53.3812,-6.5912,MAYNOOTH
River Valley Baptist Church,"Blacklion, Dublin / Leixlip Road",Maynooth,Kildare,,https://rivervalleybc.org/contact/,Various Baptist,Baptist/Independent Evangelical,53.3810150726474,-6.57759795632176,MAYNOOTH
Fountain of Love,"Unit 17, Naas Industrial Estate,",Naas,Kildare,,,RCCG,Pentecostal/Charismatic,53.2298779614004,-6.63926907803542,NAAS
Naas Baptist Fellowship,"Monread Community Centre, Maudlins Avenue",Naas,Kildare,W91 FNV9,naasbaptist.ie,ABCI,Baptist/Independent Evangelical,53.2304996500044,-6.6475737888613,NAAS
Naas Community Church,Millbrook,Naas,Kildare,W91 EH96,https://www.naaschurch.ie/,Christian Churches Ireland,Pentecostal/Charismatic,53.2166602722521,-6.65846150235567,NAAS
Naas Presbyterian Church,North Main Street,Naas,Kildare,,https://www.naaspci.ie,PCI,Presbyterian/Reformed,53.21783,-6.66364,NAAS
Hope Church,"Maudlins House Hotel, Dublin Rd, Maudlings",Naas,Kildare,W91 Vr4R,https://www.hope-church.ie/,Independent Evangelical,Baptist/Independent Evangelical,53.231914307514,-6.64015381804712,NAAS
Brannockstown Baptist Church,"Grangemore, Brannockstown",Brannockstown,Kildare,W91 K004,brannockstownbaptist.com,ABCI,Baptist/Independent Evangelical,53.1228144330133,-6.6958946888669,NEWBRIDGE
City of David,"Unit W1h, Tougher Business Park, Newbridge Road, Ladytown, Naas",Newbridge,Kildare,,,RCCG,Pentecostal/Charismatic,53.2075079722493,-6.73750393119158,NEWBRIDGE
Desire of All Nations,"Newbridge Industrial Estate, Unit 22 Suite 3C, Athgarvan Rd",Newbridge,Kildare,W12 HD43,http://rccgdoan.org/our-location/,RCCG,Pentecostal/Charismatic,53.1734187646762,-6.79787104468699,NEWBRIDGE
Newbridge Bible Fellowship Church,Liffey Lodge,Newbridge,Kildare,W12 CK00,https://newbridgebiblechurch.ie/,Independent Evangelical,Baptist/Independent Evangelical,53.1956751997208,-6.78744046002765,NEWBRIDGE
Open Arms Church (Newbridge),"4 The Pier, Irish Row",Newbridge,Kildare,W12 HT38,https://openarms.ie/,Christian Churches Ireland,Pentecostal/Charismatic,53.1723845,-6.7960429,NEWBRIDGE
Kilkenny Christian Assembly,"Lyrath, Carlow Road",Kilkenny,Kilkenny,R95 DW98,https://www.kilkennychristianassembly.com/,Brethren,Brethren/Gospel Hall,52.645187081504,-7.20635558963545,CASTLECOMER
Kilkenny Community Church,17 Irishtown Gardens,Kilkenny,Kilkenny,R95 WK11,http://www.kilcomchurch.org,Independent Evangelical,Baptist/Independent Evangelical,52.6556397194153,-7.25546356172487,KILKENNY
Kilkenny Methodist Church,10 William Street,Kilkenny,Kilkenny,R95 DH29,https://www.facebook.com/kilkennymethodist/,Methodist,Methodist/Wesleyan,52.6511633754088,-7.25450641142247,KILKENNY
Kilkenny Presbyterian Church,"16 New Rd, Newpark Lower",Kilkenny,Kilkenny,R95 X588,https://www.kilkennychurch.com,PCI,Presbyterian/Reformed,52.6598247796314,-7.25066240467447,KILKENNY
New Hope Christian Centre,36 Hebron Park,Kilkenny,Kilkenny,R95 R88H,https://www.facebook.com/newhopekilkenny/,Various Pentecostal,Pentecostal/Charismatic,52.6525710332199,-7.23201775570324,KILKENNY
The Light House,Dean Street,Kilkenny,Kilkenny,R95 P93V,http://www.thelighthousekk.org/,Independent Evangelical,Baptist/Independent Evangelical,52.6551372323628,-7.2577862791282,KILKENNY
Ferrybank Christian Community Church,"Hillsfield Community Centre, Belmont Road, Ferrybank",Waterford,Kilkenny,X91 W9YY,https://ferrybankchristianchurch.ie/,Independent Evangelical,Baptist/Independent Evangelical,52.2698549244462,-7.09744621389591,PILTOWN
Jesus Kingdom,"No. 2 College Avenue, Mountmellick",Mountmellick,Laois,R32 K074,,RCCG,Pentecostal/Charismatic,53.1204279154986,-7.32547718746858,BORRIS-IN-OSSORY-MOUNTMELLICK
Mountmellick Methodist Church,Parnell Street,Mountmellick,Laois,R32 RP80,https://www.facebook.com/mountmellickmethodist/,Methodist,Methodist/Wesleyan,53.1132464854289,-7.32818989532328,BORRIS-IN-OSSORY-MOUNTMELLICK
All Saints Parish,"Trinity Hall, Behind KIA Motors, Dublin Road",Portlaoise,Laois,R32 E023,https://www.facebook.com/groups/122584817758800/,RCCG,Pentecostal/Charismatic,53.0324,-7.2912,PORTLAOISE
Chinese Gospel Church Portlaoise,"Methodist Church Portlaoise, 8 Station Road, Maryborough",Portlaoise,Laois,R32 CTY4,https://cgci.ie/portlaoise/,Chinese Gospel Church,Other Protestant/Evangelical,53.036341803759,-7.301308896672,PORTLAOISE
Faith Hall,"Treo Nua Resource Centre, Harpurs Lane, Knockmay",Portlaoise,Laois,R32 C7DD,https://rccgireland.org/laois,RCCG,Pentecostal/Charismatic,53.0380645785865,-7.31347226170207,PORTLAOISE
Faith Tabernacle,"The Youth Café GAA Ground, Fr. Breen Park",Abbeyleix,Laois,R32 E274,https://www.facebook.com/FaithTabernacleAbbeyleix,RCCG,Pentecostal/Charismatic,53.0244477523774,-7.26486363409335,PORTLAOISE
Laois Bible Church,"Epworth Hall, Main Street",Abbeyleix,Laois,R32 FX6X,https://laoisbiblechurch.ie/,Brethren,Brethren/Gospel Hall,52.9115675421587,-7.35073526170964,PORTLAOISE
Portlaoise Life Church,"Unit A11, National Enterprise Park",Portlaoise,Laois,R32 HA21,portlaoise.lifechurch.ie,Various Pentecostal,Pentecostal/Charismatic,53.0228502789129,-7.31470504513724,PORTLAOISE
Portlaoise Methodist Church,"8 Station Road, Maryborough",Portlaoise,Laois,R32 CTY4,https://www.facebook.com/p/Methodist-Church-Portlaoise-100079695335171/,Methodist,Methodist/Wesleyan,53.036341803759,-7.301308896672,PORTLAOISE
Shalom Prayer Fellowship,9 Well Road Kylekiproe,Portlaoise,Laois,R32 CRC0,http://shalomprayerfellowship.ie/,Various Pentecostal,Pentecostal/Charismatic,53.032825920336,-7.29442099605939,PORTLAOISE
Solid Rock Portlaoise,Midlands Park Hotel Jessop Street Maryborough,Portlaoise,Laois,R32 KV20,https://solidrockportlaoise.org/,Various Pentecostal,Pentecostal/Charismatic,53.0350301044099,-7.30246018501548,PORTLAOISE
Maranatha Parish,"Unit 2 Business & Technological Park, Castlecara Road",Carrick-on-Shannon,Leitrim,N41 EY99,https://www.facebook.com/p/Rccg-Maranatha-Parish-Carrick-On-Shannon-61550951250928/,RCCG,Pentecostal/Charismatic,53.9501380357722,-8.06904284392322,CARRICK-ON-SHANNON
Manorhamilton Christian Fellowship,Bee Park Community Centre New Line,Manorhamilton,Leitrim,F91 HCD9,,Independent Evangelical,Baptist/Independent Evangelical,"54.306197720925326,",-8.17493449868122,MANORHAMILTON
Adare Methodist Church,Blackabbey Road,Adare,Limerick,V94 TW83,https://www.facebook.com/AdareandBallingraneMethodistChurch/,Methodist,Methodist/Wesleyan,52.5639788,-8.7941798,ADARE-RATHKEALE
Ballingrane Methodist Church,Ballingrane,Askeaton,Limerick,V94 H793,https://www.facebook.com/AdareandBallingraneMethodistChurch,Methodist,Methodist/Wesleyan,52.5492753478308,-8.93592583506864,ADARE-RATHKEALE
Living Stone Parish,"Unit 5, Monaclinoe Business Park, Ballysimon Rd",Limerick,Limerick,V94 X527,https://rccglivingstoneparish.com/,RCCG,Pentecostal/Charismatic,52.6531920465401,-8.5876363735492,LIMERICK CITY EAST
Garden of Eden Int'l Church,"Limerick Strand Hotel, Ennis Road",Limerick,Limerick,V94 03F2,https://www.gardenofedeninternationalchurch.org/contact,Various Pentecostal,Pentecostal/Charismatic,52.6662726,-8.632013,LIMERICK CITY NORTH
His Glory Parish,"Unit 2 Galvone Industrial Park, Galvone",Limerick,Limerick,V94 EK29,http://www.rccghisgloryparishlimerick.com/,RCCG,Pentecostal/Charismatic,52.6483838536253,-8.61019264471401,LIMERICK CITY NORTH
Limerick – Solas Church,"Kilmurry Church Arts & Heritage Centre, Kilmurry Road, Castletroy",Limerick,Limerick,V94 EH63,https://www.solaschurch.ie/,Reformed Presbyterian Church of Ireland,Presbyterian/Reformed,52.6688265685719,-8.55795485940902,LIMERICK CITY NORTH
Limerick Baptist Church,Old Cratloe Road,Caherdavin,Limerick,V94 A564,limerickbaptist.ie,ABCI,Baptist/Independent Evangelical,52.6756393980051,-8.65391835820622,LIMERICK CITY NORTH
New Generation,Prior's-Land,Limerick,Limerick,V94 FP21,,RCCG,Pentecostal/Charismatic,52.6610986271412,-8.62334384020048,LIMERICK CITY NORTH
The Light of God Tabernacle,"Abbeyfeale Folk Ltd, Covenant Street, Abbeyfeale",Limerick,Limerick,V94 E023,,RCCG,Pentecostal/Charismatic,52.6684,-8.6312,LIMERICK CITY NORTH
Abundant Life Christian Church,"Crown House, 55/56 Henry Street",Limerick,Limerick,V94 525K,https://www.abunlife.com/,Christian Churches Ireland,Pentecostal/Charismatic,52.660968,-8.6313862,LIMERICK CITY WEST
Christ Church Presbyterian/Methodist,51 O'Connell Street,Limerick,Limerick,V94 HPH9,,PCI,Presbyterian/Reformed,52.6611752878327,-8.62928829336308,LIMERICK CITY WEST
Elevate Community Church,"St. Philomena’s, South Circular Road",Limerick,Limerick,V94 DFP1,https://ecclimerick.com/,Independent Evangelical,Baptist/Independent Evangelical,52.654483,-8.63662,LIMERICK CITY WEST
Limerick Christian Centre Mungret,"Mungret College, Mungret",Limerick,Limerick,V94 0Y56,https://www.limerickchristiancentre.com/contact-us,Independent Evangelical,Baptist/Independent Evangelical,52.631343760319,-8.67957478889215,LIMERICK CITY WEST
Mallow St Christian Fellowship,"Mallow Street Hall, Mallow Street",Limerick City,Limerick,V94 DP60,mallowstchristians.com,Brethren,Brethren/Gospel Hall,52.6599465183409,-8.62959973121979,LIMERICK CITY WEST
River Church Limerick,Leamy House Prior's-Land,Limerick,Limerick,V94 CH9E,http://www.riverchurchlimerick.com/,Various Pentecostal,Pentecostal/Charismatic,52.6587614797894,-8.63073672017551,LIMERICK CITY WEST
World Outreach Christian Centre,"A3 Corcanree Business Park, Dock Road",Limerick,Limerick,V94 EDK0,https://www.wocc.ie/,Various Pentecostal,Pentecostal/Charismatic,52.653242,-8.657049,LIMERICK CITY WEST
Limerick City Church,"1 Baker Place, Prior's-Land",Limerick,Limerick,V94 D62D,http://www.limerickcitychurch.com/,Independent Evangelical,Baptist/Independent Evangelical,52.659873,-8.627056,LIMERICK CITY WEST
Newcastle West Bible Fellowship,"North Quay, Knockane",Newcastle West,Limerick,,https://www.ncwbiblefellowship.com/,Brethren,Brethren/Gospel Hall,52.4494230875831,-9.05811961958504,NEWCASTLE WEST
Chapel of Mercy,"St. Mary's Church, Dublin Road",Edgeworthstown,Longford,N39 E628,https://rccgireland.org/longford,RCCG,Pentecostal/Charismatic,53.6941175335948,-7.6086124414071,BALLYMAHON
New Covenant,"Unit 3, Antley Business Park, Edgeworthstown Road",Ballymahon,Longford,N39 R262,,RCCG,Pentecostal/Charismatic,53.5728932396445,-7.75090853197123,BALLYMAHON
Chapel of Light,"Cartronageeragh Business Park, Athlone Road",Longford,Longford,N39AP66,https://www.rccgchapeloflight.com/,RCCG,Pentecostal/Charismatic,53.7144099195972,-7.8191244739309,LONGFORD
Corboy Presbyterian Church,Corboy,Edgeworthstown,Longford,N39 FN84,https://www.corboychurch.com,PCI,Presbyterian/Reformed,53.7132557535024,-7.67544932055728,LONGFORD
Hope Community Church,"Lower Main St, Townparks",Longford,Longford,N39 K2N2,hopelongford.com,ABCI,Baptist/Independent Evangelical,53.7299298591768,-7.80180317331723,LONGFORD
Longford Baptist Church,6 Keon's Terrace Dublin Road,Longford,Longford,N39 Y2X5,http://www.longfordbaptist.com/,Various Baptist,Baptist/Independent Evangelical,53.7263344462207,-7.79669686166088,LONGFORD
Longford Methodist Church,Battery Road,Longford,Longford,N39 X314,https://www.facebook.com/p/Longford-Methodist-Church-100064847104514/,Methodist,Methodist/Wesleyan,53.7323610218333,-7.80028348245877,LONGFORD
Boyne Valley Baptist Church,Ballymakenny Road,Drogheda,Louth,A92 P662,,Various Baptist,Baptist/Independent Evangelical,53.7634555151336,-6.34430046427587,DROGHEDA RURAL
Drogheda Prayer Centre,Mill Wharf Unit 1,Drogheda,Louth,A92 H324,https://www.droghedaprayercentre.org/,Various Pentecostal,Pentecostal/Charismatic,53.7152430710238,-6.34580621582348,DROGHEDA RURAL
Solid Rock Church of God - Drogheda,"Whitethorn House, Ballymakenny Road",Drogheda,Louth,,http://www.solidrock.ie/,Various Pentecostal,Pentecostal/Charismatic,53.7288196791222,-6.34379123800376,DROGHEDA RURAL
Drogheda Presbyterian Church,Colpe East,Drogheda,Louth,,https://www.droghedapresbyterian.ie,PCI,Presbyterian/Reformed,53.7033665260883,-6.30159932136851,DROGHEDA URBAN
House of Grace,"100 woodland, Dunleer",Drogheda,Louth,A92 E274,,RCCG,Pentecostal/Charismatic,53.7123,-6.3512,DROGHEDA URBAN
Louth Community Church Jesus House,Level 2 Barbican Centre William Street,Drogheda,Louth,,https://www.facebook.com/louthcommunitychurchdrogheda/,Various Pentecostal,Pentecostal/Charismatic,53.7149,-6.3488,DROGHEDA URBAN
New Life Baptist Church,Unit 14 The Workspace Centre Mayoralty Street,Drogheda,Louth,A92 V963,https://nlbcdrogheda.com/,Various Baptist,Baptist/Independent Evangelical,53.7148580354541,-6.34815766855124,DROGHEDA URBAN
New Life Family Church (Drogheda),"Units 1 & 2, Mill Wharf, Merchants Quay",Drogheda,Louth,A92 H324,https://www.nlfc.ie/,Christian Churches Ireland,Pentecostal/Charismatic,53.7152303,-6.3458384,DROGHEDA URBAN
Royal Embassy Drogheda,Holy Family Community Centre Ballsgrove,Drogheda,Louth,A92 A9PH,https://rccgroyalembassy.org/,RCCG,Pentecostal/Charismatic,53.7066635668867,-6.37389925330342,DROGHEDA URBAN
Sanctuary for all Nations,"Unit 63 Boyne Business Park, Newtown Business Park, Greenhills, Newtownstalaban",Drogheda,Louth,A92 X440,https://rccgsfandrogheda.com/,RCCG,Pentecostal/Charismatic,53.725152050498,-6.32208144165241,DROGHEDA URBAN
The Seat of Mercy,"5, 6 Palace St, Yellowbatter",Drogheda,Louth,A92 HX96,https://www.facebook.com/rccgseatofmercy/,RCCG,Pentecostal/Charismatic,53.716578272399,-6.34746550232974,DROGHEDA URBAN
Victory of God Fellowship,Unit 14A Greenhills Industrial Village,Drogheda,Louth,A92 Y798,http://www.harbourhouseworldwide.org/our-church.php,Various Pentecostal,Pentecostal/Charismatic,53.719007,-6.329618,DROGHEDA URBAN
Dundalk Baptist Church,"Ardee Terrace, Ardee Road",Dundalk,Louth,A91N A0D,www.dundalkbaptistchurch.org,ABCI,Baptist/Independent Evangelical,53.9956567070439,-6.41486998882158,DUNDALK SOUTH
Dundalk Community Church,"Hagan House, The Ramparts",Dundalk,Louth,A91 D7VX,https://dundalkcommunitychurch.ie/,Independent Evangelical,Baptist/Independent Evangelical,54.001925,-6.401309,DUNDALK SOUTH
Dundalk Presbyterian Church,Jocelyn Street,Dundalk,Louth,,https://www.dundalkpresbyterianchurch.com,PCI,Presbyterian/Reformed,54.00485,-6.39564,DUNDALK SOUTH
Emmanuel Community Church,17 Seatown Place,Dundalk,Louth,A91 W722,https://www.emmanueldundalk.com/contact,Independent Evangelical,Baptist/Independent Evangelical,54.004982,-6.39205,DUNDALK SOUTH
Lighthouse Church (Dundalk),"Rampart Ln, Townparks",Dundalk,Louth,A91 ND6P,https://www.lighthousechurch.ie/,Christian Churches Ireland,Pentecostal/Charismatic,54.002839211493,-6.40155001821328,DUNDALK SOUTH
New Life United Pentecostal Church Dundalk,Dundalk Lawn Tennis & Badminton Club The Ramparts,Dundalk,Louth,,https://www.facebook.com/NewLifeUPCDundalk/,Various Pentecostal,Pentecostal/Charismatic,54.003886566825,-6.39180849251742,DUNDALK SOUTH
Island Church Dundalk,The Long Walk,Dundalk,Louth,A91 Y433,https://www.islandchurchdundalk.ie/,Various Pentecostal,Pentecostal/Charismatic,54.006796,-6.406572,DUNDALK-CARLINGFORD
Miracle Land,"22 Castletown Rd, Castletown",Dundalk,Louth,A91 P447,https://www.rccgmiracleland.org/home,RCCG,Pentecostal/Charismatic,54.0024,-6.4123,DUNDALK-CARLINGFORD
Ballina Methodist Church,Wesley Place James Connolly Street,Ballina,Mayo,F26 C821,https://www.facebook.com/profile.php?id=100070277824865,Methodist,Methodist/Wesleyan,54.1123388894164,-9.15537639312738,BALLINA
Ballina Presbyterian Church,Walsh Street,Ballina,Mayo,F26 AR24,https://www.ballinapresbyterian.ie,PCI,Presbyterian/Reformed,54.1146093502441,-9.15246432196364,BALLINA
Calvary Church Ballina,"Ballina Family Resource Centre, Abbey St / Ardnaree",Ballina,Mayo,F26 C6P6,http://www.calvarychurchballina.ie/,Independent Evangelical,Baptist/Independent Evangelical,54.1118812806051,-9.15077544893573,BALLINA
Calvary Church Castlebar,Upper Chapel St,Castlebar,Mayo,F23 DT02,calvarychurchcastlebar.ie,Independent Evangelical,Baptist/Independent Evangelical,53.8576956475062,-9.30138103545533,CASTLEBAR
Castlebar Christian Fellowship,"The Mall, Rock Square",Castlebar,Mayo,F23 HX96,https://www.castlebarchristianfellowship.org/,Elim Ministries Ireland,Pentecostal/Charismatic,53.8549295397431,-9.29784173044355,CASTLEBAR
Christ the King,"Unit 12A, N 5 Business Park, Moneenbradagh",Castlebar,Mayo,F23 TW96,http://www.rccgchristtheking.org/,RCCG,Pentecostal/Charismatic,53.8571834281784,-9.28009925999332,CASTLEBAR
Jesus' Church @ Spring of Life,"Brees, Cnoc na nIúr",Claremorris,Mayo,,https://www.jesuschurch.ie/,Various Pentecostal,Pentecostal/Charismatic,53.7792705706458,-9.07434623116192,CASTLEBAR
Living Hope Christian Fellowship,Castlebar Tennis Club Lannagh Road Knockacroghery,Castlebar,Mayo,F23 TK70,http://livinghopechristianfellowship.com/,Various Pentecostal,Pentecostal/Charismatic,53.85090367244,-9.31065960232281,CASTLEBAR
United Church Castlebar,The Scout Den,Castlebar,Mayo,F23PF59,https://unitedchurchcastlebar.com/,Independent Evangelical,Baptist/Independent Evangelical,53.8529691294516,-9.30613517348722,CASTLEBAR
Calvary Church Claremorris,"Unit 7, Lakeside Retail Park, Ballindine Rd",Claremorris,Mayo,F12 YW82,https://www.calvarychurchclaremorris.ie/,Independent Evangelical,Baptist/Independent Evangelical,53.7129486524179,-8.99579953253174,CLAREMORRIS
Word of Life Parish,"Enterprise Centre, Ballyhaunis Chamber of Commerce, Clare Road",Ballyhaunis,Mayo,F35HC66,https://www.facebook.com/p/RCCG-Word-of-Life-Parish-Ballyhaunis-Co-Mayo-100068110801715/,RCCG,Pentecostal/Charismatic,53.761621456688,-8.76906943544195,CLAREMORRIS
Calvary Church Charlestown,"East West Express Building, Lowpark",Charlestown,Mayo,F12 E3P2,https://www.facebook.com/calvarychurchcharlestown/,Independent Evangelical,Baptist/Independent Evangelical,53.9578373926109,-8.80777493158203,SWINFORD
Amazing Grace Church,"Westport Leisure Park, James St.",Westport,Mayo,F28 FN32,https://www.agfwestport.com/,Elim Ministries Ireland,Pentecostal/Charismatic,53.8004234359136,-9.52529564147671,WESTPORT
Calvary Church Westport,Distillery Rd,Westport,Mayo,F28 P8X2,calvarywestport.ie,Independent Evangelical,Baptist/Independent Evangelical,53.800274388307,-9.51704166674313,WESTPORT
Christ Life Centre,Ashbourne Community Centre,Ashbourne,Meath,,,RCCG,Pentecostal/Charismatic,53.5040760299085,-6.38976350234081,ASHBOURNE
Ervey Presbyterian Church,Ervey,Ervey,Meath,,https://www.bgpc.ie,PCI,Presbyterian/Reformed,53.8888132571048,-6.84365033540914,KELLS
Kells Christian Centre,"R164 / Moynalty Road, Archdeaconry Glebe",Kells,Meath,,https://www.instagram.com/kellschristiancentre/,Various Pentecostal,Pentecostal/Charismatic,53.7369209026124,-6.88386130232868,KELLS
Kells Presbyterian Church,"Westfield, Townparks",Kells,Meath,A82 AX24,https://www.facebook.com/p/Kells-Presbyterian-Church-Co-Meath-100066474699489/,PCI,Presbyterian/Reformed,53.724216620359,-6.88013133791166,KELLS
Trinity Chapel,"6 Cannon St, Townparks",Kells,Meath,A82 F5D2,,RCCG,Pentecostal/Charismatic,53.7275850659157,-6.88144028883553,KELLS
Chapel of Light,"Duleek Bellewstown & District Community Facility, Navan Road, Balsaran",Duleek,Meath,A92 F2HN,https://www.facebook.com/p/Rccg-Chapel-of-Light-Duleek-100069280063109/,RCCG,Pentecostal/Charismatic,53.6543378553798,-6.43519531767481,LAYTOWN-BETTYSTOWN
Christ Our Cornerstone,"The National Ecology Centre, The Ninch",Laytown,Meath,A92 D9XH,https://www.facebook.com/christourcornerstone.laytown/,RCCG,Pentecostal/Charismatic,53.6783185565973,-6.25681020233173,LAYTOWN-BETTYSTOWN
His Grace Sanctuary,"Mosney Resort Centre, Julianstown",Mosney,Meath,A92 E023,,RCCG,Pentecostal/Charismatic,53.6564,-6.2312,LAYTOWN-BETTYSTOWN
King's Sanctuary,"Balmoral Industrial Estate, Kells Rd, Abbeyland South",Navan,Meath,C15 W902,,RCCG,Pentecostal/Charismatic,53.6553695024781,-6.69457483871204,NAVAN
Lighthouse Church (Navan),Johnstown Educational Campus,Navan,Meath,C15 AE03,https://www.lighthousechurch.ie/,Christian Churches Ireland,Pentecostal/Charismatic,53.6425656326538,-6.64774127349814,NAVAN
Meath Christian Centre,"Liscarton, Kells Road",Navan,Meath,C15 Y272,https://www.facebook.com/MeathChristianCentre/,Elim Ministries Ireland,Pentecostal/Charismatic,53.6609109573646,-6.72417773116809,NAVAN
Navan Baptist Church,65 Flower Hill,Navan,Meath,C15 D762,,Various Baptist,Baptist/Independent Evangelical,53.6559882,-6.680708,NAVAN
Liberty House,Dunshaughlin,Dunshaughlin,Meath,A85 A662,,RCCG,Pentecostal/Charismatic,53.5124,-6.5412,RATOATH
The Romanian Pentecostal Church Mount Zion,Growtown,Dunshaughlin,Meath,A85 WY11,,Various Pentecostal,Pentecostal/Charismatic,53.4767314,-6.5020499,RATOATH
King's Tower,"Unit 6, Trim Retail Park, Kiltoome, Navan Road",Trim,Meath,C15 HC89,http://rccgkingstowertrim.com/,RCCG,Pentecostal/Charismatic,53.562836694034,-6.76696044281871,TRIM
Living Hope,Navan Gate Road,Trim,Meath,C15 A6YD,livinghope.ie,ABCI,Baptist/Independent Evangelical,53.5576767935416,-6.78805963117344,TRIM
Ballybay - First Presbyterian Church,Derryvally,Ballybay,Monaghan,A75 NA48,https://www.presbyterianireland.org/,PCI,Presbyterian/Reformed,54.13404,-6.93483,BALLYBAY-CLONES
Ballybay - Second Presbyterian Church,Hall Street,Ballybay,Monaghan,A75 H265,https://www.presbyterianireland.org/,PCI,Presbyterian/Reformed,54.12878,-6.90641,BALLYBAY-CLONES
Clones Presbyterian Church,Monaghan Street,Clones,Monaghan,H23 A004,https://clonespchurchesgroup.wixsite.com/clonespchurchesgroup,PCI,Presbyterian/Reformed,54.17971,-7.23052,BALLYBAY-CLONES
Clontibret Presbyterian Church,Braddocks,,Monaghan,,,PCI,Presbyterian/Reformed,54.19888,-6.88718,BALLYBAY-CLONES
Drumkeen Presbyterian Church,Aghadrumkeen,Newbliss,Monaghan,,,PCI,Presbyterian/Reformed,54.14865,-7.06005,BALLYBAY-CLONES
Newbliss Presbyterian Church,Drumshannon,Newbliss,Monaghan,,https://clonespchurchesgroup.wixsite.com/clonespchurchesgroup,PCI,Presbyterian/Reformed,54.1605640544398,-7.13162808881298,BALLYBAY-CLONES
Rockcorry Presbyterian Church,Main Street,Rockcorry,Monaghan,H18 KR77,,PCI,Presbyterian/Reformed,54.1171492441288,-7.01461600961236,BALLYBAY-CLONES
Smithborough Presbyterian Church,Mulladuff,Smithborough,Monaghan,,,PCI,Presbyterian/Reformed,54.22223,-7.09804,BALLYBAY-CLONES
Stonebridge Presbyterian Church,"Stonebridge House, Gransha More",Clones,Monaghan,,https://clonespchurchesgroup.wixsite.com/clonespchurchesgroup,PCI,Presbyterian/Reformed,54.20117,-7.16845,BALLYBAY-CLONES
Carrickmacross Baptist Church,"Woodlands Christian Centre, Magheross Road",Carrickmacross,Monaghan,A81N Y04,www.carrickbaptist.ie,ABCI,Baptist/Independent Evangelical,53.9693311942718,-6.72054130231664,CARRICKMACROSS-CASTLEBLAYNEY
Creevagh Reformed Presbyterian Church,R162,Creevagh,Monaghan,,http://creevagh.rpc.org/,Reformed Presbyterian Church of Ireland,Presbyterian/Reformed,54.1507744786097,-6.92656785686657,CARRICKMACROSS-CASTLEBLAYNEY
Solemn Assembly CMX RCCG,"Carrickmacross Shopping Centre, Main St, Drummond Etra",Carrickmacross,Monaghan,A81 AX98,https://www.facebook.com/rccg.carrickmacross.3/,RCCG,Pentecostal/Charismatic,53.9743769927451,-6.71972490231633,CARRICKMACROSS-CASTLEBLAYNEY
Castleblayney - First Presbyterian Church,"Mucknoo Street, Keady Road",Castleblayney,Monaghan,,https://www.facebook.com/FirstCastleblayneyandFrankfordPresbyterian/,PCI,Presbyterian/Reformed,54.1266505984285,-6.73642865997931,CARRICKMACROSS-CASTLEBLAYNEY
Corvally Presbyterian Church,"Shanco, Corvally",Carrickmacross,Monaghan,A81 FY50,https://www.facebook.com/corvallypresbyterianchurch/,PCI,Presbyterian/Reformed,53.9973268864797,-6.83720448650584,CARRICKMACROSS-CASTLEBLAYNEY
Fairview Reformed Presbyterian Church,"Tullycaughney, Oram",Castleblayney,Monaghan,A75 YV21,https://rpglobalalliance.org/congregation/fairview-reformed-presbyterian-church-ireland/,Reformed Presbyterian Church of Ireland,Presbyterian/Reformed,54.1529000,-6.67283,CARRICKMACROSS-CASTLEBLAYNEY
Frankford Presbyterian Church,"Blaney Road, Newtownhamilton Road",Castleblaney,Monaghan,,https://www.facebook.com/FirstCastleblayneyandFrankfordPresbyterian/,PCI,Presbyterian/Reformed,54.13535,-6.72347,CARRICKMACROSS-CASTLEBLAYNEY
McKelvey's Grove Presbyterian Church,Loughbrattoge,Castleblaney,Monaghan,,,PCI,Presbyterian/Reformed,54.18198,-6.70364,CARRICKMACROSS-CASTLEBLAYNEY
Ballyalbany Presbyterian Church,"Coolshannagh Road, Ballyalbany",Monaghan,Monaghan,H18 HH95,https://www.ballyalbanychurch.com,PCI,Presbyterian/Reformed,54.2628474943459,-6.96262051022677,MONAGHAN
First Monaghan Presbyterian Church,Old Cross Square,Monaghan,Monaghan,H18 XW22,https://www.firstmonaghanpci.org/,PCI,Presbyterian/Reformed,54.2470552686277,-6.96643875356371,MONAGHAN
Glennan Presbyterian Church,"Glennan, Glaslough",Monaghan,Monaghan,,,PCI,Presbyterian/Reformed,54.32415,-6.91707,MONAGHAN
Kingdom House,"24 Dublin St, Drumgarran",Monaghan,Monaghan,H18 N727,,RCCG,Pentecostal/Charismatic,54.2573627069689,-6.97939223723809,MONAGHAN
Monaghan - First Presbyterian Church,"Old Cross Square, Tirkeenan, Monaghan Town",Monaghan,Monaghan,,https://www.firstmonaghanpci.org,PCI,Presbyterian/Reformed,54.24716,-6.96607,MONAGHAN
Monaghan Elim Pentecostal Church,"Drumbear, Ballybay Road",Monaghan,Monaghan,H18 TE81,https://www.monaghanelim.com/,Elim Ministries Ireland,Pentecostal/Charismatic,54.2342582593342,-6.96523266625294,MONAGHAN
Monaghan Methodist Church,"Dawson Street, Roosky",Monaghan,Monaghan,,,Methodist,Methodist/Wesleyan,54.2472212100482,-6.97088829065658,MONAGHAN
Shalom Christian Fellowship,"Dawson Street / YWCA Hall, North Road",Monaghan,Monaghan,H18 ET71,https://www.facebook.com/ShalomChristianFellowshipMonaghan/,Independent Evangelical,Baptist/Independent Evangelical,54.2488408446865,-6.97090410415024,MONAGHAN
Birr Methodist,"Emmet St, Townparks",Birr,Offaly,R42 KC42,https://www.facebook.com/profile.php?id=61586008920592,Methodist,Methodist/Wesleyan,53.0975582627721,-7.909978408534,BIRR
New Life Church Birr,"Emmet St, Townparks",Birr,Offaly,R42 KC42,https://www.newlifechurchbirr.ie/,Elim Ministries Ireland,Pentecostal/Charismatic,53.0975704315036,-7.90993467784237,BIRR
Shinrone Methodist Church,Main Street,Shinrone,Offaly,R42 N932,https://www.facebook.com/northtippmethodist,Methodist,Methodist/Wesleyan,52.9839064560013,-7.92694604479796,BIRR
All Souls Parish,"Unit 36, Edenderry Business Park",Edenderry,Offaly,R45 W902,,RCCG,Pentecostal/Charismatic,53.3445465294524,-7.07439534299589,EDENDERRY
Cornerstone Slieve Bloom Church,"3 Sragh Avenue, Sragh Business Park",Tullamore,Offaly,R35 X2N5,https://www.cornerstoneireland.ie/,Various Pentecostal,Pentecostal/Charismatic,53.28742372906,-7.51517814713944,TULLAMORE
Tullamore Bible Church,"21H Cluster 2, Axis Business Park",Tullamore,Offaly,R35 K762,www.tullamorebiblechurch.org,ABCI,Baptist/Independent Evangelical,53.2891965336697,-7.5157442024527,TULLAMORE
Tullamore Methodist Church,Store Street,Tullamore,Offaly,R35 RR62,https://www.facebook.com/p/Tullamore-Methodist-Church-61555483585469/,Methodist,Methodist/Wesleyan,53.2746681285636,-7.49053620245355,TULLAMORE
Tullamore Presbyterian Church,45 High Street,Tullamore,Offaly,R35 XY92,https://www.tullamorepresbyterian.org,PCI,Presbyterian/Reformed,53.272209588262,-7.49465950059848,TULLAMORE
Communion Parish,"Athlone Spring Hotel, Monksland",Monksland,Roscommon,N37 F9T3,,RCCG,Pentecostal/Charismatic,53.4216145756548,-7.99668857107772,ATHLONE
Ballaghaderreen Baptist Church,2 Circular Rd,Ballaghaderreen,Roscommon,F45 HY45,https://ballaghaderreenchurch.com,Various Baptist,Baptist/Independent Evangelical,53.9001319428494,-8.57649644339231,BOYLE
Assembly of God Church Roscommon,"2 St Theresa's Terrace, Ardnanagh",Roscommon,Roscommon,F42 C981,https://www.agireland.org/,Assemblies of God,Pentecostal/Charismatic,53.6241742551615,-8.19861298944639,ROSCOMMON
Grace Community Church,"Corroy, Ballymurray",Roscommon,Roscommon,F42 FT67,https://graceroscommon.church/,Independent Evangelical,Baptist/Independent Evangelical,"53.590612543509415,",-8.11983967966812,ROSCOMMON
Light for the People,"5, 7 Brogan's Ln, Ballypheasan",Roscommon,Roscommon,F42 HK13,https://www.lightforthepeople.org/,Various Pentecostal,Pentecostal/Charismatic,53.629465068528,-8.18839472013768,ROSCOMMON
Zion Family Christian Church,"The Core, Church St, Ballypheasan",Roscommon,Roscommon,F42 DK19,https://zfcc.org/,Various Pentecostal,Pentecostal/Charismatic,53.6294841552798,-8.18855565268452,ROSCOMMON
Calvary Sligo,"Devins Drive, Abbeyquarter South",Sligo,Sligo,F91 KNN3,https://www.calvarysligo.org/,Calvary Chapel,Other Protestant/Evangelical,54.2665450206536,-8.46425620553719,SLIGO-STRANDHILL
Maranatha Chapel,Sligo,Sligo,Sligo,F91 A662,,RCCG,Pentecostal/Charismatic,54.2696890432195,-8.47515882088172,SLIGO-STRANDHILL
Sligo Baptist Church,"Cartron Village, Rosses Point Road",Sligo,Sligo,F91X E42,https://sligobaptist.ie/,ABCI,Baptist/Independent Evangelical,54.2826512962804,-8.47634937406086,SLIGO-STRANDHILL
Sligo City Church,"Mercy College, Chapel Hill, Abbeyquarter South",Sligo,Sligo,F91 CF80,https://www.sligocitychurch.ie/,Various Pentecostal,Pentecostal/Charismatic,54.2670721557572,-8.46790171267858,SLIGO-STRANDHILL
Sligo Presbyterian Church,Church Street,Sligo,Sligo,F91 A312,https://www.facebook.com/sligopresbyterianchurch/,PCI,Presbyterian/Reformed,54.2696765125651,-8.47487987113386,SLIGO-STRANDHILL
TREM House of Glory Sligo,6-7 Grattan Street,Sligo,Sligo,F91 TW64,https://www.facebook.com/people/Trem-Sligo-House-Of-Glory/61566544962096/?_rdr,Various Pentecostal,Pentecostal/Charismatic,54.2707034850737,-8.47339134708036,SLIGO-STRANDHILL
Cahir Presbyterian Church,Abbey Street,Cahir,Tipperary,E21 XF83,https://presbytery.ie/find-a-church/connacht-munster/cahir-presbyterian-church/,PCI,Presbyterian/Reformed,52.3786656461515,-7.93013846032561,CAHIR
Resurrection Assembly,102 Main Street,Carrick-On-Suir,Tipperary,E32 X950,https://rccgireland.org/tipperary,RCCG,Pentecostal/Charismatic,52.3466957105295,-7.41440104350477,CARRICK-ON-SUIR
Tipperary Bible Church,"Arravale Rovers, Sean Treacy Park, Station Road",Tipperary Town,Tipperary,E34 DK26,https://tipperarybiblechurch.com/,Independent Evangelical,Baptist/Independent Evangelical,52.4697807812669,-8.16019574287498,CASHEL-TIPPERARY
Clonmel Baptist Church,"Bridge Centre, Cashel Rd, Burgagery-Lands West",Clonmel,Tipperary,E91 X5T7,http://www.clonmelbaptist.ie/,Various Baptist,Baptist/Independent Evangelical,52.3606169000039,-7.7082013023996,CLONMEL
Clonmel Christian Bible Church,"Ashford, 18 Western Rd, Gortmaloge",Clonmel,Tipperary,E91 RX05,https://clonmelbiblechurch.wordpress.com/,Independent Evangelical,Baptist/Independent Evangelical,52.3542363573489,-7.71172847702658,CLONMEL
Word of Life Church,"Unit 2, Unit 6I Gurtnafleur Business Park",Clonmel,Tipperary,,http://wolimclonmel.ie/,Various Pentecostal,Pentecostal/Charismatic,52.362308168884,-7.67142367089167,CLONMEL
Borrisokane Methodist Church,Main Street,Borrisokane,Tipperary,E45 F611,https://www.facebook.com/northtippmethodist/,Methodist,Methodist/Wesleyan,52.9958238295892,-8.12788847782907,NENAGH
Cloughjordan Methodist Church,"18 Main St, Townfields",Cloughjordan,Tipperary,E53 X232,https://www.facebook.com/cloughjordan.methodistchurch.3/,Methodist,Methodist/Wesleyan,52.942756470174,-8.03785896678753,NENAGH
Nenagh Baptist Church,"Nenagh Arts Centre, Town Hall, Banba Square",Nenagh,Tipperary,E45 NX26,nenaghbaptistchurch.eu,ABCI,Baptist/Independent Evangelical,52.8650256202423,-8.1995375931776,NENAGH
Oasis Christian Fellowship,"Oasis Christian Centre, 2 Gaol Road, Parkmore",Roscrea,Tipperary,E53 CK02,https://www.oasischristianfellowship.ie/,Elim Ministries Ireland,Pentecostal/Charismatic,52.953317833834,-7.79540871294674,ROSCREA-TEMPLEMORE
Roscrea Methodist Church,"1-3 The Mall, Townparks",Roscrea,Tipperary,E53 WC61,https://www.facebook.com/northtippmethodist/,Methodist,Methodist/Wesleyan,52.9537990229592,-7.7979135446983,ROSCREA-TEMPLEMORE
Thurles Baptist Church,Graigue,Thurles,Tipperary,E41F C62,www.thurlesbaptistchurch.ie/Contact.html,ABCI,Baptist/Independent Evangelical,52.681940,-7.80222,THURLES
Dungarvan Community Church,"Fusion Centre, Ringnasilloge",Dungarvan,Waterford,X35 P922,dungarvanchurch.org,Independent Evangelical,Baptist/Independent Evangelical,52.0849536057312,-7.62225239449625,DUNGARVAN
Agape Family Centre,"Unit 6, Seapoint Business Park",Tramore,Waterford,X91 V004,,RCCG,Pentecostal/Charismatic,52.1679523,-7.1444624,TRAMORE-WATERFORD CITY WEST
Calvary Waterford,59/60 Lower Yellow Road,Waterford City,Waterford,X91 W278,https://www.calvarywaterford.com,Calvary Chapel,Other Protestant/Evangelical,52.259348523479,-7.12288863798706,TRAMORE-WATERFORD CITY WEST
Tramore Bible Church,"Community Care Centre, Pond Road",Tramore,Waterford,X91 YK70,https://www.facebook.com/tramorechurch/,Independent Evangelical,Baptist/Independent Evangelical,52.1641956742163,-7.14991732054454,TRAMORE-WATERFORD CITY WEST
Waterford Methodist Church,Patrick Street,Waterford,Waterford,X91 K160,https://www.methodistchurchwaterford.com/,Methodist,Methodist/Wesleyan,52.2611,-7.1082,TRAMORE-WATERFORD CITY WEST
Life Community Church,"Unit 2 Passage Cross, Dunmore Road",Waterford,Waterford,X91 W1XF,https://www.lifecommunitychurchwaterford.com/,Various Pentecostal,Pentecostal/Charismatic,52.2330472581293,-7.04585700786888,WATERFORD CITY EAST
Maranatha Christian Community Church,1b Poleberry Link Road,Waterford,Waterford,X91 WKR8,https://maranatha.ie/,Various Pentecostal,Pentecostal/Charismatic,52.254857404334,-7.112746502405,WATERFORD CITY SOUTH
"Mountain of Fire & Miracles Ministries, Waterford, Ireland (MFM)","Unit 52 Westside Business Park, Old Kilmeaden Road",Waterford,Waterford,X91 XE27,https://www.facebook.com/MfmWaterford/,Various Pentecostal,Pentecostal/Charismatic,52.249130288598,-7.16307454473442,WATERFORD CITY SOUTH
New Life Assembly,"Unit 23, Tramore Road Business Park",Waterford,Waterford,X91 R262,https://rccgireland.org/waterford,RCCG,Pentecostal/Charismatic,52.2493304937108,-7.11725628558074,WATERFORD CITY SOUTH
Oasis Arena,"Bohemians FC, Poleberry",Waterford,Waterford,X91 W288,https://www.instagram.com/rccg.oasiswaterford/,RCCG,Pentecostal/Charismatic,52.2520336837954,-7.11107727227107,WATERFORD CITY SOUTH
Waterford Baptist Church,Catherine Street,Waterford,Waterford,X91N N56,www.waterfordbaptist.ie,ABCI,Baptist/Independent Evangelical,52.258054873263,-7.10766711481881,WATERFORD CITY SOUTH
Waterford Christian Assembly,"Tycor Business Centre, Corner of Morrissons Avenue and Tycor Avenue",Waterford,Waterford,X91 V8PX,https://waterford-assembly.com,Independent Evangelical,Baptist/Independent Evangelical,52.2570308347452,-7.12957410240494,WATERFORD CITY SOUTH
Athlone Methodist Church,Northgate Street,Athlone,Westmeath,N37 ND76,https://www.facebook.com/profile.php?id=100068980547757,Methodist,Methodist/Wesleyan,53.4244474978745,-7.94026346355284,ATHLONE
CAC Outreach Athlone,"Unit 54, Athlone Civic Centre, Church Street, Blyry Industrial Estate",Athlone,Westmeath,N37 N1K1,https://www.facebook.com/p/CAC-Outreach-Athlone-100077560207214/,Various Pentecostal,Pentecostal/Charismatic,53.4310991550526,-7.89620747682145,ATHLONE
Cherith Athlone Baptist Church,"Westlodge, Battery Road",Athlone,Westmeath,N37 PF86,www.cherithabc.com,ABCI,Baptist/Independent Evangelical,53.4234861250993,-7.94934863922911,ATHLONE
River Of Life Athlone Le Ceile Christian Church,"Grace Road, Le Chéile",Athlone,Westmeath,N37 H398,https://www.riveroflife.ie,Independent Evangelical,Other Protestant/Evangelical,53.4284940640828,-7.95031552933203,ATHLONE
Victory House Athlone,"Unit 9 Centre Court, Blyry Business Park",Athlone,Westmeath,N37 X9X6,https://www.facebook.com/rccg.victoryhouse.545/,RCCG,Pentecostal/Charismatic,53.4313852,-7.8942976,ATHLONE
House of Flourish,"Eastwea Office Complex, Unit 3. Main Street",Kinnegad,Westmeath,N91 W902,,RCCG,Pentecostal/Charismatic,53.4533362599318,-7.09668823569855,KINNEGAD
The Lord of Hosts Fellowship Centre,"Saint Joseph's Parish Hall, Rochfortbridge",Rochfortbridge,Westmeath,N91 V6VX,,RCCG,Pentecostal/Charismatic,53.4144839556003,-7.30508673573037,KINNEGAD
Free Grace Evangelical Church,8 Woodlands Avenue,Mullingar,Westmeath,N91 WN8C,https://www.fgecmullingar.org/,Independent Evangelical,Baptist/Independent Evangelical,53.5212243455423,-7.36138866490949,MULLINGAR
House of His Glory,"Cullion GAA Club, Mullingar, Co. Westmeath",Mullingar,Westmeath,N91 HR90,https://www.facebook.com/p/Rccg-House-of-His-Glory-Mullingar-100079242530754/,RCCG,Pentecostal/Charismatic,53.5553646191911,-7.35491085021168,MULLINGAR
Mullingar Christian Fellowship,"The Bandhall, Zone A, Mullingar Business Park",Mullingar,Westmeath,N91 YY96,mullingarcf.ie,Independent Evangelical,Baptist/Independent Evangelical,53.5223587939515,-7.34451247780188,MULLINGAR
Mullingar Presbyterian Church,"35-39 Grange Crescent, Rathgowan",Mullingar,Westmeath,N91 Y9HN,https://www.mullingarpresbyterian.com,PCI,Presbyterian/Reformed,53.5262342000846,-7.36149198454849,MULLINGAR
New Overcomers,"Unit 12c, Clonmore Industrial Estate",Mullingar,Westmeath,N91 FP21,,RCCG,Pentecostal/Charismatic,53.5243,-7.3412,MULLINGAR
Alive Chapel,Mill Park Rd,Enniscorthy,Wexford,Y21 XE97,https://www.alivechurch.ie/chapel,Various Pentecostal,Pentecostal/Charismatic,52.4999584051741,-6.56708418802038,ENNISCORTHY
Enniscorthy Christian Fellowship,"Meeting room behind Bellefield Design, Enniscorthy Community Workshop, Bellefield Road",Enniscorthy,Wexford,Y21 W6D7,https://www.enniscorthychristianfellowship.ie/,Independent Evangelical,Baptist/Independent Evangelical,52.5062354350273,-6.57989058460105,ENNISCORTHY
Alive Church,Abbey Centre,Enniscorthy,Wexford,Y21V2X4,https://www.alivechurch.ie/visit,Methodist,Methodist/Wesleyan,52.5000211670163,-6.56568603648565,ENNISCORTHY
Calvary Church Gorey,"Ounavarra Suite, Amber Springs Hotel",Gorey,Wexford,Y25 FY07,http://pve.ekd.mybluehost.me/,Calvary Chapel,Other Protestant/Evangelical,52.6681315119614,-6.29030356127945,GOREY
Gorey Christian Assembly,"The Heath, Ramsgate Village, Knockmullen",Gorey,Wexford,Y25 P277,https://goreyca.com,Independent Evangelical,Baptist/Independent Evangelical,52.6693109312824,-6.29770998459268,GOREY
Gorey Methodist Church,Market Square,Gorey,Wexford,Y25 AE65,,Methodist,Methodist/Wesleyan,52.674552251092,-6.29456452937085,GOREY
Grace Church New Ross,"Ballynabola, Carrigadaggin",New Ross,Wexford,Y35 TK30,https://www.facebook.com/gracechurchnewross/,Independent Evangelical,Baptist/Independent Evangelical,52.397351,-6.94361,NEW ROSS
The New Life Assembly,"50 South Street, New Ross",New Ross,Wexford,Y34 V303,,RCCG,Pentecostal/Charismatic,52.394340345522,-6.94508074350233,NEW ROSS
Wexford Bible Church,"Gaelscoil Charman, Whiterock Hill",Wexford,Wexford,Y35 XW99,wexfordbiblechurch.ie,Independent Evangelical,Baptist/Independent Evangelical,52.3278430935879,-6.47341353798354,WEXFORD
Wexford Christian Community Church,"Unit 31, Westpoint Business Park, Clonard",Wexford,Wexford,Y35 PR94,http://www.wxccc.org/,Christian Churches Ireland,Pentecostal/Charismatic,52.3291868751747,-6.49259440729994,WEXFORD
Wexford Church Development (PCI),Anne Street,Wexford,Wexford,Y35 AK81,https://www.facebook.com/wexfordchurchredevelopment,PCI,Presbyterian/Reformed,"52.338498635028216,",-6.46104104492672,WEXFORD
Wexford Methodist Church,"Rowe Street Upper, Townparks",Wexford,Wexford,Y35 RXY1,,Methodist,Methodist/Wesleyan,52.3387598047403,-6.46298646943752,WEXFORD
Arklow Christian Community Church,"St Mary's Chapel, St Mary's Road",Arklow,Wicklow,Y14 P957,https://arklowccci.org/,Various Pentecostal,Pentecostal/Charismatic,52.7970328625066,-6.15853498157058,ARKLOW
Arklow Methodist Church,15-17 Ferrybank,Arklow,Wicklow,Y14 VK65,https://www.facebook.com/profile.php?id=100064389863306,Methodist,Methodist/Wesleyan,52.8012311691605,-6.14824870669641,ARKLOW
Arklow Presbyterian Church,"Ticknock House, Dublin Rd, Tiknock",Arklow,Wicklow,Y14 KX31,https://www.arklowpresbyterianchurch.com,PCI,Presbyterian/Reformed,52.8044970478432,-6.14883010484103,ARKLOW
Banner of Love Church Arklow,"The UpperRoom, Abbey Lane",Arklow,Wicklow,Y14 PP23,,Various Pentecostal,Pentecostal/Charismatic,52.7999410,-6.144013,ARKLOW
Rural Revival Church,"Church Lane, Baltinglass",Baltinglass,Wicklow,W91 YH72,https://www.facebook.com/p/Rural-Revival-Baltinglass-61552497001437/,Independent Evangelical,Baptist/Independent Evangelical,52.9413186728756,-6.70925667673041,BALTINGLASS
Bray - St. Andrew's Presbyterian Church,Quinsborough Road,Bray,Wicklow,A98 NX24,https://www.standrewschurchbray.com,PCI,Presbyterian/Reformed,53.20468,-6.10672,BRAY EAST
Bray Christian Assembly,"Gospel Hall, 27 Florence Road",Bray,Wicklow,A98 RD68,https://christianassemblybray.com,Brethren,Brethren/Gospel Hall,53.203623,-6.107496,BRAY EAST
Bray Methodist Church,Eglinton Road,Bray,Wicklow,A98 YR84,,Methodist,Methodist/Wesleyan,53.2012,-6.1081,BRAY EAST
Calvary Bible Baptist Church Bray,27 Florence Road,Bray,Wicklow,A98 RD68,,Various Baptist,Baptist/Independent Evangelical,53.2036226,-6.1074959,BRAY EAST
Cornerstone Church at the Well,"The Well, Church Terrace, Main Street",Bray,Wicklow,A98 VE43,cornerstonechurch.ie,Independent Evangelical,Baptist/Independent Evangelical,53.204859,-6.10999,BRAY EAST
Greystones Presbyterian Church,Trafalgar Road,Greystones,Wicklow,,https://www.greystonespc.org,PCI,Presbyterian/Reformed,53.14727,-6.06379,GREYSTONES
Hillside Evangelical Church,Hillside Road,Greystones,Wicklow,A63 C927,https://www.hillside.ie,Independent Evangelical,Baptist/Independent Evangelical,53.144993,-6.06594,GREYSTONES
Nazarene Community Church - Greystones,"10 Burnaby Avenue, Killincarrig",Greystones,Wicklow,,https://www.facebook.com/GreystonesNazarene/,Methodist,Methodist/Wesleyan,53.131311,-6.071152,GREYSTONES
Banner of Love Church Wicklow,"The Basement, Wicklow House, Market Square",Wicklow Town,Wicklow,,,Various Pentecostal,Pentecostal/Charismatic,52.9798477,-6.0381429,WICKLOW
Wicklow Christian Assembly,6 Wentworth Place,Wicklow Town,Wicklow,,,Brethren,Brethren/Gospel Hall,52.9818550,-6.0466405,WICKLOW
Wicklow Methodist Church,Convent Road,Wicklow,Wicklow,A67 WK11,,Methodist,Methodist/Wesleyan,52.9781,-6.0442,WICKLOW